case_id,path,slice_count,sampling_strategy,known_fraction,mae_all,rmse_all,psnr_all,ssim_all,mae_known,rmse_known,psnr_known,ssim_known,mae_missing,rmse_missing,psnr_missing,ssim_missing
liver_124,liver_124.nii.gz,4,fibonacci,0.07263946533203125,0.0036495972890406847,0.028749683871865273,30.82733917236328,0.8748116493225098,9.781772830966262e-13,9.999999974752427e-07,120.0,0.8867494463920593,0.003935467451810837,0.02985442988574505,30.49982261657715,0.8738766312599182
liver_124,liver_124.nii.gz,8,fibonacci,0.13547468185424805,0.0024685231037437916,0.023978840559720993,32.40343475341797,0.8860961198806763,1.5832854124986362e-11,1.0000002248489182e-06,120.0,0.8960618376731873,0.002855350961908698,0.025789285078644753,31.77121353149414,0.8845345377922058
liver_124,liver_124.nii.gz,16,fibonacci,0.253385066986084,0.0010390931274741888,0.012591027654707432,37.998775482177734,0.8985282182693481,3.519612379321302e-11,1.0000005659094313e-06,120.0,0.9046915769577026,0.0013917390024289489,0.014571787789463997,36.72974395751953,0.8964368104934692
liver_124,liver_124.nii.gz,32,fibonacci,0.42931509017944336,0.00045060773845762014,0.007252496201545,42.790252685546875,0.9038347005844116,1.1098607449744335e-10,1.0000017027778085e-06,119.99998474121094,0.9085566401481628,0.0007895911112427711,0.009600399062037468,40.35421371459961,0.9002828598022461
liver_124,liver_124.nii.gz,64,fibonacci,0.6695094108581543,9.360701369587332e-05,0.002725532278418541,51.29097366333008,0.9066795110702515,2.430039225398417e-10,1.0000044312619139e-06,119.99996185302734,0.9092198014259338,0.0002832360623870045,0.004741019569337368,46.48256301879883,0.9015340209007263
liver_124,liver_124.nii.gz,128,fibonacci,0.8823962211608887,2.8257562007638626e-05,0.0015903294552117586,55.97026062011719,0.9069614410400391,3.1796629218483474e-10,1.0000053407566156e-06,119.99995422363281,0.9077869653701782,0.00024027527251746505,0.0046374197117984295,46.674468994140625,0.9007688164710999
liver_103,liver_103.nii.gz,4,fibonacci,0.07336235046386719,0.0088305389508605,0.044674377888441086,26.998828887939453,0.8377478718757629,3.874154686292486e-13,9.999999974752427e-07,120.0,0.8714824914932251,0.00952965673059225,0.04640914127230644,26.66792869567871,0.835077166557312
liver_103,liver_103.nii.gz,8,fibonacci,0.13739681243896484,0.00582479452714324,0.03394175320863724,29.38531494140625,0.8593789339065552,1.5229963123974954e-11,1.0000002248489182e-06,120.0,0.885545015335083,0.006752577144652605,0.03654506430029869,28.743423461914062,0.8552111387252808
liver_103,liver_103.nii.gz,16,fibonacci,0.2578773498535156,0.003190200310200453,0.022237801924347878,33.058162689208984,0.8845179080963135,4.2446188924794015e-11,1.000000679596269e-06,119.99999237060547,0.89815753698349,0.004298750776797533,0.02581392228603363,31.762920379638672,0.8797785043716431
liver_103,liver_103.nii.gz,32,fibonacci,0.4326167106628418,0.0015639311168342829,0.014087202027440071,37.02350616455078,0.9006059765815735,1.4140501269910288e-10,1.0000022712119971e-06,119.99998474121094,0.9100674390792847,0.0027563925832509995,0.018701931461691856,34.56227111816406,0.8933921456336975
liver_103,liver_103.nii.gz,64,fibonacci,0.6751418113708496,0.00042230088729411364,0.006369676440954208,43.91765213012695,0.9103841781616211,3.405270232459401e-10,1.000006022877642e-06,119.99995422363281,0.9144320487976074,0.0012999539030715823,0.011175589635968208,39.03459167480469,0.9019721150398254
liver_103,liver_103.nii.gz,128,fibonacci,0.8869600296020508,8.794697350822389e-05,0.003026263788342476,50.381866455078125,0.9126829504966736,5.217423160175372e-10,1.0000086376749096e-06,119.99992370605469,0.9141035079956055,0.0007780125015415251,0.009000999853014946,40.914188385009766,0.9015384316444397
liver_78,liver_78.nii.gz,4,fibonacci,0.07328319549560547,0.003364753443747759,0.02593318559229374,31.722881317138672,0.8772746324539185,7.756678329154387e-13,9.999999974752427e-07,120.0,0.8926126956939697,0.0036308325361460447,0.02693905495107174,31.392353057861328,0.876061737537384
liver_78,liver_78.nii.gz,8,fibonacci,0.13725709915161133,0.001761595718562603,0.017848890274763107,34.9677734375,0.891566276550293,1.3770097909149293e-11,1.0000002248489182e-06,120.0,0.9008607864379883,0.0020418548956513405,0.019216332584619522,34.32658767700195,0.8900877237319946
liver_78,liver_78.nii.gz,16,fibonacci,0.2574653625488281,0.0006548513192683458,0.008345807902514935,41.57062911987305,0.902147650718689,2.6221604748633e-11,1.0000003385357559e-06,120.0,0.9072889685630798,0.0008819135255180299,0.009685232304036617,40.277801513671875,0.9003651142120361
liver_78,liver_78.nii.gz,32,fibonacci,0.43244314193725586,0.000312697229674086,0.005124980118125677,45.806156158447266,0.9049725532531738,8.226962860957698e-11,1.0000013617172954e-06,119.99999237060547,0.9087781310081482,0.0005509530892595649,0.006802796386182308,43.34625244140625,0.902073323726654
liver_78,liver_78.nii.gz,64,fibonacci,0.6747126579284668,7.906235987320542e-05,0.0023443440441042185,52.599571228027344,0.9063493013381958,1.7599109669586e-10,1.0000032943935366e-06,119.99996948242188,0.9085025191307068,0.0002430535532766953,0.004110434558242559,47.72224426269531,0.9018839001655579
liver_78,liver_78.nii.gz,128,fibonacci,0.8866710662841797,4.451600761967711e-05,0.00194762262981385,54.209903717041016,0.9063637256622314,2.3511256830310856e-10,1.000003976514563e-06,119.99996185302734,0.9070499539375305,0.00039280171040445566,0.005785413086414337,44.75331115722656,0.900995671749115
liver_45,liver_45.nii.gz,4,fibonacci,0.07285499572753906,0.003393949707970023,0.024710774421691895,32.14227294921875,0.8673989772796631,1.9505669865763076e-13,9.999999974752427e-07,120.0,0.8789002299308777,0.0036606460344046354,0.025663301348686218,31.813751220703125,0.8664953112602234
liver_45,liver_45.nii.gz,8,fibonacci,0.1371469497680664,0.0017327917739748955,0.015725836157798767,36.067726135253906,0.8886632323265076,2.1314488802409715e-12,9.999999974752427e-07,120.0,0.8955697417259216,0.002008211798965931,0.016929546371102333,35.427093505859375,0.887565553188324
liver_45,liver_45.nii.gz,16,fibonacci,0.2569708824157715,0.0008302950300276279,0.00901108980178833,40.904457092285156,0.8997719883918762,6.363983558882458e-12,1.0000001111620804e-06,120.0,0.9037680625915527,0.0011174461105838418,0.010453805327415466,39.6145133972168,0.8983901143074036
liver_45,liver_45.nii.gz,32,fibonacci,0.43215513229370117,0.00040191522566601634,0.005751229356974363,44.804786682128906,0.9033634066581726,1.992186797472595e-11,1.0000003385357559e-06,120.0,0.9067971706390381,0.0007077905465848744,0.007632131222635508,42.347084045410156,0.9007502794265747
liver_45,liver_45.nii.gz,64,fibonacci,0.6740026473999023,9.811417839955539e-05,0.0024833681527525187,52.09918212890625,0.9059814810752869,6.064107549441644e-11,1.00000113434362e-06,119.99999237060547,0.9079499244689941,0.00030096605769358575,0.004349446855485439,47.2313232421875,0.9019120931625366
liver_45,liver_45.nii.gz,128,fibonacci,0.8862371444702148,5.047601734986529e-05,0.0020522160921245813,53.75553512573242,0.9060713052749634,9.56905804594399e-11,1.000001475404133e-06,119.99999237060547,0.9067502617835999,0.0004436942981556058,0.006084470544010401,44.31554412841797,0.900783360004425
liver_91,liver_91.nii.gz,4,fibonacci,0.07340621948242188,0.0070241522043943405,0.03997888043522835,27.963388442993164,0.8512429594993591,9.6795987024334e-13,9.999999974752427e-07,120.0,0.8759756088256836,0.007580616511404514,0.04153229668736458,27.632282257080078,0.8492836356163025
liver_91,liver_91.nii.gz,8,fibonacci,0.1373577117919922,0.004473385401070118,0.031544458121061325,30.02153778076172,0.8709418177604675,1.6656856449692725e-11,1.0000002248489182e-06,120.0,0.8905173540115356,0.005185678135603666,0.033963125199079514,29.379846572875977,0.8678248524665833
liver_91,liver_91.nii.gz,16,fibonacci,0.25820255279541016,0.0020465487614274025,0.01707535795867443,35.352603912353516,0.8924249410629272,4.336857262199345e-11,1.000000679596269e-06,119.99999237060547,0.9021884799003601,0.0027589050587266684,0.019825637340545654,34.055458068847656,0.8890266418457031
liver_91,liver_91.nii.gz,32,fibonacci,0.4331645965576172,0.0009358811075799167,0.01000362541526556,39.996849060058594,0.9035468697547913,1.4356817124028254e-10,1.0000022712119971e-06,119.99998474121094,0.9104775786399841,0.0016510632121935487,0.01328706182539463,37.53142166137695,0.8982508778572083
liver_91,liver_91.nii.gz,64,fibonacci,0.6755657196044922,0.00023994571529328823,0.004220366477966309,47.49299621582031,0.9095842242240906,3.3268271470987543e-10,1.000006022877642e-06,119.99995422363281,0.9129798412322998,0.0007395811844617128,0.007409463170915842,42.60426330566406,0.9025139808654785
liver_91,liver_91.nii.gz,128,fibonacci,0.887237548828125,6.0280457546468824e-05,0.0023651847150176764,52.52269744873047,0.9105784893035889,4.802997999320269e-10,1.000008069240721e-06,119.99993133544922,0.9117658138275146,0.0005345754325389862,0.007043406832963228,43.044342041015625,0.9012380242347717
liver_84,liver_84.nii.gz,4,fibonacci,0.07312154769897461,0.009600216522812843,0.0445704460144043,27.019060134887695,0.8227180242538452,1.5547652141428836e-12,9.999999974752427e-07,120.0,0.8621700406074524,0.010357578285038471,0.0462951585650444,26.689289093017578,0.8196056485176086
liver_84,liver_84.nii.gz,8,fibonacci,0.1375865936279297,0.006765834055840969,0.035467810928821564,29.003313064575195,0.8471998572349548,1.3666111645105339e-11,1.0000002248489182e-06,120.0,0.878449559211731,0.00784523319453001,0.038192372769117355,28.36046600341797,0.8422143459320068
liver_84,liver_84.nii.gz,16,fibonacci,0.2579474449157715,0.0036815758794546127,0.02189774252474308,33.192012786865234,0.8796340227127075,4.059601266259705e-11,1.0000005659094313e-06,119.99999237060547,0.8933669924736023,0.00496134115383029,0.025420378893613815,31.896360397338867,0.874860405921936
liver_84,liver_84.nii.gz,32,fibonacci,0.4329414367675781,0.002013550605624914,0.015200243331491947,36.36298751831055,0.8977522850036621,1.362616686151341e-10,1.0000021575251594e-06,119.99998474121094,0.9088166356086731,0.003550868947058916,0.02018536441028118,33.899269104003906,0.8893049955368042
liver_84,liver_84.nii.gz,64,fibonacci,0.675717830657959,0.0005874210619367659,0.007307866122573614,42.72418975830078,0.9114660620689392,3.1100191866251237e-10,1.000005227069778e-06,119.99995422363281,0.9160401225090027,0.0018114495323970914,0.012833025306463242,37.83341979980469,0.9019355177879333
liver_84,liver_84.nii.gz,128,fibonacci,0.8875298500061035,0.00012905802577733994,0.003605305915698409,48.86116027832031,0.9148216843605042,5.008925496596817e-10,1.0000078418670455e-06,119.99993133544922,0.9164789319038391,0.0011474828934296966,0.010750371031463146,39.37153244018555,0.9017450213432312
liver_18,liver_18.nii.gz,4,fibonacci,0.07329082489013672,0.007658656686544418,0.04123562574386597,27.694547653198242,0.8475901484489441,3.877935570318486e-13,9.999999974752427e-07,120.0,0.8737022280693054,0.008264358155429363,0.04283520579338074,27.363983154296875,0.8455250859260559
liver_18,liver_18.nii.gz,8,fibonacci,0.13739299774169922,0.004449265077710152,0.028902847319841385,30.78118896484375,0.8690375685691833,1.742831920448218e-11,1.0000002248489182e-06,120.0,0.8911921381950378,0.0051579284481704235,0.031119609251618385,30.13931655883789,0.8655088543891907
liver_18,liver_18.nii.gz,16,fibonacci,0.257967472076416,0.0021052779629826546,0.016568241640925407,35.614471435546875,0.892575740814209,4.888610002917737e-11,1.0000007932831068e-06,119.99999237060547,0.903982400894165,0.0028371773660182953,0.019233793020248413,34.31869888305664,0.8886104822158813
liver_18,liver_18.nii.gz,32,fibonacci,0.4327220916748047,0.0010726224863901734,0.011149328202009201,39.05502700805664,0.9037107229232788,1.5802328889868988e-10,1.0000023848988349e-06,119.99998474121094,0.9126062989234924,0.0018908234778791666,0.01480303518474102,36.59298324584961,0.8969254493713379
liver_18,liver_18.nii.gz,64,fibonacci,0.6755585670471191,0.00029342802008613944,0.004854104015976191,46.27781677246094,0.9111515283584595,3.4482025568216557e-10,1.0000059091908042e-06,119.99995422363281,0.9151914119720459,0.0009044090984389186,0.00852198712527752,41.389183044433594,0.9027400016784668
liver_18,liver_18.nii.gz,128,fibonacci,0.8873023986816406,6.366743036778644e-05,0.0022170888260006905,53.0843391418457,0.9127813577651978,5.293005478357315e-10,1.0000084103012341e-06,119.99992370605469,0.9142202138900757,0.0005649361992254853,0.006604283582419157,43.603485107421875,0.9014542698860168
liver_58,liver_58.nii.gz,4,fibonacci,0.07256317138671875,0.0027054469101130962,0.024393044412136078,32.25468063354492,0.8795983195304871,1.1750469304169786e-12,9.999999974752427e-07,120.0,0.889119029045105,0.0029171225614845753,0.025329336524009705,31.92752456665039,0.8788534998893738
liver_58,liver_58.nii.gz,8,fibonacci,0.13546085357666016,0.0014155725948512554,0.016267679631710052,35.77348709106445,0.892278254032135,1.1146417989993385e-11,1.0000001111620804e-06,120.0,0.8995451331138611,0.0016373724211007357,0.01749577932059765,35.141334533691406,0.8911397457122803
liver_58,liver_58.nii.gz,16,fibonacci,0.25406551361083984,0.0006477293209172785,0.009280378930270672,40.648685455322266,0.8998546600341797,2.5349491603043894e-11,1.0000003385357559e-06,120.0,0.9045904278755188,0.0008683460182510316,0.010745221748948097,39.375694274902344,0.8982417583465576
liver_58,liver_58.nii.gz,32,fibonacci,0.42986345291137695,0.0002797422930598259,0.0053500221110880375,45.43288803100586,0.9031025767326355,7.38026306734696e-11,1.00000113434362e-06,119.99999237060547,0.9065227508544922,0.0004906583344563842,0.007085428573191166,42.99267578125,0.9005241394042969
liver_58,liver_58.nii.gz,64,fibonacci,0.6692333221435547,6.249554280657321e-05,0.002433144487440586,52.27664566040039,0.9046799540519714,1.5403098241328905e-10,1.0000030670198612e-06,119.99996948242188,0.906486988067627,0.00018894116510637105,0.004230648744851351,47.47186279296875,0.9010245203971863
liver_58,liver_58.nii.gz,128,fibonacci,0.8824577331542969,3.4084103390341625e-05,0.002359784906730056,52.54255294799805,0.9047974944114685,1.9041548893206084e-10,1.0000034080803744e-06,119.99996948242188,0.9054557681083679,0.0002899717364925891,0.006882961839437485,43.24449157714844,0.8998570442199707
liver_21,liver_21.nii.gz,4,fibonacci,0.07252025604248047,0.006863974966108799,0.040199704468250275,27.915542602539062,0.8485954999923706,7.838281347767595e-13,9.999999974752427e-07,120.0,0.8737918138504028,0.0074006738141179085,0.0417417511343956,27.588586807250977,0.8466253876686096
liver_21,liver_21.nii.gz,8,fibonacci,0.1361713409423828,0.0037983227521181107,0.02641296572983265,31.563655853271484,0.8728993535041809,1.7636857252423255e-11,1.0000002248489182e-06,120.0,0.8919731974601746,0.004397078882902861,0.0284186452627182,30.927932739257812,0.8698927164077759
liver_21,liver_21.nii.gz,16,fibonacci,0.2550201416015625,0.0018523073522374034,0.015188777819275856,36.369544982910156,0.8934444189071655,4.366706302105783e-11,1.000000679596269e-06,119.99999237060547,0.9024551510810852,0.0024863858707249165,0.017597483471035957,35.09098815917969,0.8903601169586182
liver_21,liver_21.nii.gz,32,fibonacci,0.4303016662597656,0.0009212955483235419,0.009762458503246307,40.20881652832031,0.9032398462295532,1.3550248423310762e-10,1.0000021575251594e-06,119.99998474121094,0.9100937247276306,0.001617163885384798,0.012934115715324879,37.76526641845703,0.8980634212493896
liver_21,liver_21.nii.gz,64,fibonacci,0.670475959777832,0.000273226760327816,0.004922077059745789,46.15703201293945,0.9096315503120422,2.973841173314895e-10,1.0000051133829402e-06,119.99995422363281,0.9133139848709106,0.0008291551494039595,0.008574421517550945,41.33590316772461,0.9021393656730652
liver_21,liver_21.nii.gz,128,fibonacci,0.8837876319885254,8.454823546344414e-05,0.0030783286783844233,50.23369598388672,0.9108235836029053,4.3132047933269746e-10,1.0000069323723437e-06,119.99993896484375,0.9121693968772888,0.0007275288226082921,0.009030021727085114,40.886226654052734,0.9005889892578125
liver_127,liver_127.nii.gz,4,fibonacci,0.0734109878540039,0.008188508450984955,0.04327099397778511,27.27606201171875,0.8414756059646606,9.67896986517336e-13,9.999999974752427e-07,120.0,0.8752722144126892,0.0088372603058815,0.04495244100689888,26.944934844970703,0.838797926902771
liver_127,liver_127.nii.gz,8,fibonacci,0.1376328468322754,0.004732743836939335,0.029811015352606773,30.51246452331543,0.8659737706184387,1.6713902831200222e-11,1.0000002248489182e-06,120.0,0.8894590139389038,0.005488084629178047,0.03210189566016197,29.869386672973633,0.8622255921363831
liver_127,liver_127.nii.gz,16,fibonacci,0.25874900817871094,0.002443376462906599,0.01841263845562935,34.69768142700195,0.8893851637840271,5.1183300653345754e-11,1.0000007932831068e-06,119.99999237060547,0.9005028009414673,0.0032962874975055456,0.02138618752360344,33.39733123779297,0.885504424571991
liver_127,liver_127.nii.gz,32,fibonacci,0.4335322380065918,0.0011377097107470036,0.010421236976981163,39.6416130065918,0.9034225940704346,1.5685391874242782e-10,1.0000023848988349e-06,119.99998474121094,0.9113155603408813,0.0020084278658032417,0.013846233487129211,37.17336654663086,0.8973821997642517
liver_127,liver_127.nii.gz,64,fibonacci,0.6765017509460449,0.00033278437331318855,0.0050139594823122025,45.99638366699219,0.911392092704773,3.53967688493384e-10,1.000006022877642e-06,119.99993896484375,0.915335476398468,0.0010287045734003186,0.008815457113087177,41.0951042175293,0.9031460881233215
liver_127,liver_127.nii.gz,128,fibonacci,0.8879976272583008,7.669022306799889e-05,0.0024836112279444933,52.09832763671875,0.9130003452301025,5.345783815613459e-10,1.0000085239880718e-06,119.99992370605469,0.9144641757011414,0.0006847153999842703,0.007421128451824188,42.590599060058594,0.9013956785202026
liver_75,liver_75.nii.gz,4,fibonacci,0.07315778732299805,0.0020407596603035927,0.020217468962073326,33.88546371459961,0.8828437924385071,7.769974984597749e-13,9.999999974752427e-07,120.0,0.8900801539421082,0.0022018414456397295,0.021000221371650696,33.55552291870117,0.8822726011276245
liver_75,liver_75.nii.gz,8,fibonacci,0.13700103759765625,0.0010413436684757471,0.014681392349302769,36.66465377807617,0.8945971727371216,8.525151938554298e-12,1.0000001111620804e-06,120.0,0.9016419053077698,0.0012066569179296494,0.01580382138490677,36.024757385253906,0.8934789896011353
liver_75,liver_75.nii.gz,16,fibonacci,0.25685596466064453,0.00039767747512087226,0.00748406769707799,42.51724624633789,0.9007891416549683,1.536197904994374e-11,1.0000002248489182e-06,120.0,0.9045997858047485,0.0005351284053176641,0.008681628853082657,41.22797393798828,0.8994722962379456
liver_75,liver_75.nii.gz,32,fibonacci,0.43200063705444336,0.00016959068307187408,0.004498292692005634,46.93904495239258,0.9025797843933105,4.522385244065674e-11,1.0000007932831068e-06,119.99999237060547,0.9050543308258057,0.00029857546905986965,0.005968617741018534,44.48252868652344,0.9006982445716858
liver_75,liver_75.nii.gz,64,fibonacci,0.6739368438720703,2.9672202799702063e-05,0.0015603762585669756,56.13541030883789,0.9035446047782898,9.324309380165374e-11,1.000001930151484e-06,119.99998474121094,0.9048674702644348,9.100119495997205e-05,0.002732614753767848,51.268428802490234,0.900810956954956
liver_75,liver_75.nii.gz,128,fibonacci,0.8859844207763672,9.240613508154638e-06,0.0009847183246165514,60.133758544921875,0.9036255478858948,1.1060803661866458e-10,1.0000020438383217e-06,119.99998474121094,0.9040145874023438,8.104608423309401e-05,0.0029162834398448467,50.703407287597656,0.9006034135818481
liver_86,liver_86.nii.gz,4,fibonacci,0.07336711883544922,0.01004414726048708,0.04918530955910683,26.163291931152344,0.8296187520027161,7.747805760675852e-13,9.999999974752427e-07,120.0,0.8707519769668579,0.010839402675628662,0.05109537020325661,25.832368850708008,0.8263620734214783
liver_86,liver_86.nii.gz,8,fibonacci,0.1378612518310547,0.006536385044455528,0.03752529248595238,28.513519287109375,0.8532143235206604,1.4489402733186552e-11,1.0000002248489182e-06,120.0,0.8832686543464661,0.007581593003123999,0.040414340794086456,27.86928939819336,0.8484085202217102
liver_86,liver_86.nii.gz,16,fibonacci,0.2590451240539551,0.0031810300424695015,0.021122770383954048,33.504981994628906,0.8840205073356628,4.812216944372061e-11,1.0000007932831068e-06,119.99999237060547,0.8978632688522339,0.004293149337172508,0.02453889325261116,32.20289993286133,0.8791810274124146
liver_86,liver_86.nii.gz,32,fibonacci,0.43405723571777344,0.001554560149088502,0.012632925063371658,37.96992111206055,0.9012351036071777,1.5111761841879456e-10,1.0000023848988349e-06,119.99998474121094,0.9104576706886292,0.0027468500193208456,0.01679258979856968,35.49764633178711,0.8941618800163269
liver_86,liver_86.nii.gz,64,fibonacci,0.6775059700012207,0.0004511564038693905,0.00602608360350132,44.399295806884766,0.9116290211677551,3.524373570762407e-10,1.000006022877642e-06,119.99993896484375,0.915787935256958,0.0013989597791805863,0.010611440055072308,39.48451232910156,0.9028921723365784
liver_86,liver_86.nii.gz,128,fibonacci,0.8886523246765137,0.00011615264520514756,0.00317631964571774,49.96151351928711,0.9139131903648376,5.614404496867564e-10,1.0000089787354227e-06,119.99992370605469,0.9154285192489624,0.00104314845521003,0.00951883103698492,40.42832946777344,0.9018203616142273
liver_7,liver_7.nii.gz,4,fibonacci,0.0723257064819336,0.0073053850792348385,0.038917843252420425,28.197023391723633,0.8447505235671997,1.9648414568539802e-13,9.999999974752427e-07,120.0,0.8724484443664551,0.007874946109950542,0.0404064804315567,27.87097930908203,0.8425911664962769
liver_7,liver_7.nii.gz,8,fibonacci,0.1360001564025879,0.0045452481135725975,0.027926532551646233,31.07965850830078,0.8673141002655029,1.5941477304881602e-11,1.0000002248489182e-06,120.0,0.8900497555732727,0.005260705016553402,0.03004416823387146,30.444795608520508,0.8637354373931885
liver_7,liver_7.nii.gz,16,fibonacci,0.2543601989746094,0.002328047761693597,0.01602165214717388,35.905853271484375,0.8905092477798462,4.331682235125811e-11,1.000000679596269e-06,119.99999237060547,0.9005491733551025,0.003122214926406741,0.018554221838712692,34.63114547729492,0.8870844841003418
liver_7,liver_7.nii.gz,32,fibonacci,0.4300565719604492,0.001219312660396099,0.010539931245148182,39.543243408203125,0.9023836851119995,1.4258236258335444e-10,1.0000022712119971e-06,119.99998474121094,0.9104027152061462,0.002139357151463628,0.013961173593997955,37.1015625,0.8963331580162048
liver_7,liver_7.nii.gz,64,fibonacci,0.6697335243225098,0.00037214759504422545,0.00560116907581687,45.034427642822266,0.91084885597229,3.0923824612116846e-10,1.0000053407566156e-06,119.99995422363281,0.915117084980011,0.001126809511333704,0.009746449068188667,40.22307586669922,0.9021939039230347
liver_7,liver_7.nii.gz,128,fibonacci,0.8833937644958496,9.414000669494271e-05,0.0029907592106610537,50.484371185302734,0.9129542708396912,4.78519446289738e-10,1.0000077281802078e-06,119.99993133544922,0.9145125150680542,0.0008073289645835757,0.008758313953876495,41.151588439941406,0.9011502265930176
liver_60,liver_60.nii.gz,4,fibonacci,0.07311058044433594,0.0032403264194726944,0.0261195357888937,31.660690307617188,0.8740156888961792,9.718740569264472e-13,9.999999974752427e-07,120.0,0.8862404823303223,0.003495914861559868,0.02713010646402836,31.330968856811523,0.8730515241622925
liver_60,liver_60.nii.gz,8,fibonacci,0.13614368438720703,0.001933548366650939,0.0196518637239933,34.13192367553711,0.8876943588256836,1.2147373384951976e-11,1.0000001111620804e-06,120.0,0.8981606364250183,0.002238275483250618,0.021143797785043716,33.496337890625,0.8860450387001038
liver_60,liver_60.nii.gz,16,fibonacci,0.2549881935119629,0.0009703958639875054,0.01211517583578825,38.333404541015625,0.8973995447158813,2.301881948940654e-11,1.0000003385357559e-06,120.0,0.9033137559890747,0.0013025241205468774,0.014036154374480247,37.05503845214844,0.8953754901885986
liver_60,liver_60.nii.gz,32,fibonacci,0.4305229187011719,0.0004429820692166686,0.007111833430826664,42.960365295410156,0.9028565287590027,7.252801831336697e-11,1.00000113434362e-06,119.99999237060547,0.9067474007606506,0.0007778750732541084,0.009424176998436451,40.515132904052734,0.899915337562561
liver_60,liver_60.nii.gz,64,fibonacci,0.6711230278015137,0.00010194283095188439,0.0031732895877212286,49.96980667114258,0.9057128429412842,1.5821258192438847e-10,1.0000029533330235e-06,119.99996948242188,0.907837450504303,0.000309972238028422,0.005533411167562008,45.14014434814453,0.9013777375221252
liver_60,liver_60.nii.gz,128,fibonacci,0.8838033676147461,3.631776780821383e-05,0.002088456181809306,53.603492736816406,0.9060375690460205,2.020794503954093e-10,1.000003521767212e-06,119.99996948242188,0.9067180156707764,0.00031255290377885103,0.006126727443188429,44.255428314208984,0.9008627533912659
liver_101,liver_101.nii.gz,4,fibonacci,0.0728449821472168,0.012910295277833939,0.05872691422700882,24.62325668334961,0.8151388168334961,7.803340222253818e-13,9.999999974752427e-07,120.0,0.8644381761550903,0.013924635015428066,0.060990333557128906,24.29477882385254,0.8112654685974121
liver_101,liver_101.nii.gz,8,fibonacci,0.13776302337646484,0.0069455113261938095,0.03650520369410515,28.75290298461914,0.848720908164978,1.6169444255753618e-11,1.0000002248489182e-06,120.0,0.8790194988250732,0.008055223152041435,0.03931347653269768,28.10917091369629,0.8438800573348999
liver_101,liver_101.nii.gz,16,fibonacci,0.2578701972961426,0.003932666964828968,0.024092163890600204,32.362483978271484,0.8794001340866089,4.6856966223751684e-11,1.000000679596269e-06,119.99999237060547,0.8952013850212097,0.0052991630509495735,0.02796635590493679,31.067283630371094,0.8739097118377686
liver_101,liver_101.nii.gz,32,fibonacci,0.4326138496398926,0.0019271534401923418,0.014382586814463139,36.843257904052734,0.9000431299209595,1.5417886412016912e-10,1.0000024985856726e-06,119.99998474121094,0.9099547863006592,0.0033965464681386948,0.019094031304121017,34.382049560546875,0.8924859166145325
liver_101,liver_101.nii.gz,64,fibonacci,0.6755166053771973,0.0006438946584239602,0.007766703609377146,42.19526672363281,0.9118858575820923,3.834188799789473e-10,1.000006818685506e-06,119.99993896484375,0.9165520071983337,0.001984367845579982,0.013634540140628815,37.30718994140625,0.9021723866462708
liver_101,liver_101.nii.gz,128,fibonacci,0.8874263763427734,0.00010962617670884356,0.0031388758216053247,50.06451416015625,0.9156813621520996,6.18884332670433e-10,1.0000102292906377e-06,119.99991607666016,0.917359471321106,0.000973812653683126,0.009355258196592331,40.57888412475586,0.902453601360321
liver_23,liver_23.nii.gz,4,fibonacci,0.07312631607055664,0.004887618590146303,0.029965166002511978,30.46766471862793,0.864236056804657,1.1659978538247628e-12,9.999999974752427e-07,120.0,0.8828151226043701,0.0052732303738594055,0.031124789267778397,30.13787269592285,0.8627703189849854
liver_23,liver_23.nii.gz,8,fibonacci,0.13724374771118164,0.0030661579221487045,0.022763846442103386,32.85508728027344,0.8810259103775024,1.8301514817520292e-11,1.0000002248489182e-06,120.0,0.8950855731964111,0.0035539097152650356,0.024507645517587662,32.213966369628906,0.8787894248962402
liver_23,liver_23.nii.gz,16,fibonacci,0.25705718994140625,0.0016238868702203035,0.01377830095589161,37.216087341308594,0.8961220979690552,4.363911662585984e-11,1.000000679596269e-06,119.99999237060547,0.90432208776474,0.002185749588534236,0.015985196456313133,35.92564010620117,0.8932850956916809
liver_23,liver_23.nii.gz,32,fibonacci,0.4320797920227051,0.0008075785590335727,0.009143922477960587,40.77735137939453,0.9040833115577698,1.3728641834465094e-10,1.0000021575251594e-06,119.99998474121094,0.91050124168396,0.0014219928998500109,0.012133577838540077,38.320220947265625,0.8992006778717041
liver_23,liver_23.nii.gz,64,fibonacci,0.6744980812072754,0.00019919208716601133,0.004048516508191824,47.85408020019531,0.9095789790153503,2.8791358186452953e-10,1.0000049996961025e-06,119.99995422363281,0.9130334258079529,0.0006119530298747122,0.007096089888364077,42.979618072509766,0.9024209976196289
liver_23,liver_23.nii.gz,128,fibonacci,0.8864989280700684,7.293236558325589e-05,0.0027950648218393326,51.07216262817383,0.9101452827453613,4.128068720188338e-10,1.0000067049986683e-06,119.99993896484375,0.9113909006118774,0.0006425666506402194,0.008296442218124866,41.622161865234375,0.9004179835319519
liver_25,liver_25.nii.gz,4,fibonacci,0.07290506362915039,0.009239567443728447,0.04843704774975777,26.296445846557617,0.8440210819244385,7.796909819168807e-13,9.999999974752427e-07,120.0,0.8756308555603027,0.009966149926185608,0.05030551180243492,25.967689514160156,0.8415353298187256
liver_25,liver_25.nii.gz,8,fibonacci,0.13568401336669922,0.005149859003722668,0.03347956761717796,29.504404067993164,0.8669183254241943,1.5188199656290813e-11,1.0000002248489182e-06,120.0,0.8888505697250366,0.005958305671811104,0.036011695861816406,28.87112808227539,0.8634753227233887
liver_25,liver_25.nii.gz,16,fibonacci,0.25537919998168945,0.0022933834698051214,0.019015850499272346,34.41768264770508,0.8920889496803284,4.677140966191651e-11,1.0000007932831068e-06,119.99999237060547,0.9039722084999084,0.0030799347441643476,0.022036781534552574,33.13703918457031,0.8880134224891663
liver_25,liver_25.nii.gz,32,fibonacci,0.4304995536804199,0.00120539462659508,0.013015476055443287,37.71079635620117,0.9030073881149292,1.5526081809102976e-10,1.0000024985856726e-06,119.99998474121094,0.912139892578125,0.0021165823563933372,0.017246978357434273,35.26573944091797,0.896104097366333
liver_25,liver_25.nii.gz,64,fibonacci,0.6709628105163574,0.000354372663423419,0.006192706059664488,44.162391662597656,0.9108642339706421,3.808031112662036e-10,1.0000069323723437e-06,119.99993896484375,0.9149707555770874,0.0010769979562610388,0.010795878246426582,39.3348388671875,0.9024906754493713
liver_25,liver_25.nii.gz,128,fibonacci,0.8834805488586426,8.265100041171536e-05,0.0028013382107019424,51.05268859863281,0.9129806160926819,5.882483389285653e-10,1.0000097745432868e-06,119.99991607666016,0.9144313931465149,0.0007093276944942772,0.008206657133996487,41.7166748046875,0.9019817113876343
liver_39,liver_39.nii.gz,4,fibonacci,0.07330799102783203,0.01182215940207243,0.058600492775440216,24.6419734954834,0.8312673568725586,3.8770275509990293e-13,9.999999974752427e-07,120.0,0.8759374618530273,0.01275737676769495,0.06087423861026764,24.311328887939453,0.8277336359024048
liver_39,liver_39.nii.gz,8,fibonacci,0.13757610321044922,0.0061709084548056126,0.04003071039915085,27.95213508605957,0.8628223538398743,1.3409320528956492e-11,1.0000002248489182e-06,120.0,0.8916715979576111,0.007155308034271002,0.04310552403330803,27.309341430664062,0.8582203388214111
liver_39,liver_39.nii.gz,16,fibonacci,0.2587924003601074,0.0023645246401429176,0.019824646413326263,34.05589294433594,0.8917664885520935,4.0252565169929255e-11,1.0000005659094313e-06,119.99999237060547,0.9030188918113708,0.0031900976318866014,0.023026902228593826,32.755287170410156,0.8878377079963684
liver_39,liver_39.nii.gz,32,fibonacci,0.43375110626220703,0.0010344074107706547,0.010820973664522171,39.314674377441406,0.9048680067062378,1.3971618306740652e-10,1.0000022712119971e-06,119.99998474121094,0.9119041562080383,0.0018267716513946652,0.01438012532889843,36.84474563598633,0.899478554725647
liver_39,liver_39.nii.gz,64,fibonacci,0.6765241622924805,0.00032438841299153864,0.005446551833301783,45.277565002441406,0.9107674360275269,3.387820579625611e-10,1.0000062502513174e-06,119.99993896484375,0.9144504070281982,0.0010028204414993525,0.009576365351676941,40.37598419189453,0.9030652046203613
liver_39,liver_39.nii.gz,128,fibonacci,0.8881034851074219,9.491899982094765e-05,0.0030459552071988583,50.325531005859375,0.9120776057243347,5.237629774335062e-10,1.000008865048585e-06,119.99992370605469,0.9133924841880798,0.000848270719870925,0.009105739183723927,40.81369400024414,0.9016425609588623
liver_98,liver_98.nii.gz,4,fibonacci,0.07336759567260742,0.013297575525939465,0.05887429788708687,24.601486206054688,0.8151264190673828,7.747755345274832e-13,9.999999974752427e-07,120.0,0.8623557090759277,0.014350431971251965,0.06116063892841339,24.27056121826172,0.8113868832588196
liver_98,liver_98.nii.gz,8,fibonacci,0.1370077133178711,0.008315802551805973,0.04341116547584534,27.247970581054688,0.8460203409194946,1.576590073770756e-11,1.0000002248489182e-06,120.0,0.8812308311462402,0.00963601004332304,0.04673023894429207,26.60803985595703,0.8404304385185242
liver_98,liver_98.nii.gz,16,fibonacci,0.25719213485717773,0.004240391775965691,0.025305774062871933,31.93560791015625,0.8788406252861023,4.449780127702141e-11,1.000000679596269e-06,119.99999237060547,0.89622563123703,0.005708598531782627,0.02936171181499958,30.644371032714844,0.8728213310241699
liver_98,liver_98.nii.gz,32,fibonacci,0.43218326568603516,0.002187215257436037,0.015936357900500298,35.95221710205078,0.898933470249176,1.5989612411893006e-10,1.0000026122725103e-06,119.99998474121094,0.9098293781280518,0.003851973917335272,0.021148763597011566,33.494300842285156,0.8906404376029968
liver_98,liver_98.nii.gz,64,fibonacci,0.6743278503417969,0.0006122775375843048,0.00728105241432786,42.75611877441406,0.9131498336791992,3.944192195071139e-10,1.0000072734328569e-06,119.99993133544922,0.917935311794281,0.0018800419056788087,0.012758624739944935,37.8839225769043,0.9032415151596069
liver_98,liver_98.nii.gz,128,fibonacci,0.8863315582275391,0.00012019029236398637,0.0033962680026888847,49.37995910644531,0.916489839553833,6.658421591865249e-10,1.0000113661590149e-06,119.99990844726562,0.9182692766189575,0.0010573707986623049,0.010073536075651646,39.936363220214844,0.9026150703430176

