case_id,path,noise_std,slice_count,sampling_strategy,known_fraction,realized_input_delta_rms_known,mae_all,rmse_all,psnr_all,ssim_all,mae_known,rmse_known,psnr_known,ssim_known,mae_missing,rmse_missing,psnr_missing,ssim_missing
liver_124,liver_124.nii.gz,0.0,64,fibonacci,0.6695094108581543,0.0,9.360701369587332e-05,0.002725532278418541,51.29097366333008,0.9066795110702515,2.430039225398417e-10,1.0000044312619139e-06,119.99996185302734,0.9092198014259338,0.0002832360623870045,0.004741019569337368,46.48256301879883,0.9015340209007263
liver_124,liver_124.nii.gz,0.01,64,fibonacci,0.6695094108581543,0.007295771036297083,0.0029324847273528576,0.006556410808116198,43.66667938232422,0.8350182175636292,0.0042429957538843155,0.00729577150195837,42.73857498168945,0.8219842314720154,0.00027764507103711367,0.004715797491371632,46.52889633178711,0.8614225387573242
liver_124,liver_124.nii.gz,0.02,64,fibonacci,0.6695094108581543,0.014567199163138866,0.005763634108006954,0.012219559401273727,38.258888244628906,0.6796375513076782,0.00847267359495163,0.014567197300493717,36.732479095458984,0.638024628162384,0.0002756474423222244,0.004682269878685474,46.59087371826172,0.76393723487854
liver_124,liver_124.nii.gz,0.05,64,fibonacci,0.6695094108581543,0.036364469677209854,0.014247019775211811,0.029894797131419182,30.488088607788086,0.3085889518260956,0.021125290542840958,0.03636446222662926,28.786457061767578,0.23983275890350342,0.00031298291287384927,0.005028589628636837,45.971073150634766,0.44787564873695374
liver_103,liver_103.nii.gz,0.0,64,fibonacci,0.6751418113708496,0.0,0.00042230088729411364,0.006369676440954208,43.91765213012695,0.9103841781616211,3.405270232459401e-10,1.000006022877642e-06,119.99995422363281,0.9144320487976074,0.0012999539030715823,0.011175589635968208,39.03459167480469,0.9019721150398254
liver_103,liver_103.nii.gz,0.01,64,fibonacci,0.6751418113708496,0.007487501483410597,0.0034398913849145174,0.008851723745465279,41.05944061279297,0.8445781469345093,0.004472371656447649,0.0074875010177493095,42.51325988769531,0.835675835609436,0.0012941223103553057,0.011165942996740341,39.042091369628906,0.863079309463501
liver_103,liver_103.nii.gz,0.02,64,fibonacci,0.6751418113708496,0.01497587189078331,0.006462927907705307,0.01386225875467062,37.1633186340332,0.6996344327926636,0.008947852067649364,0.014975869096815586,36.49216079711914,0.6670478582382202,0.001298594055697322,0.011199099943041801,39.01633834838867,0.7673579454421997
liver_103,liver_103.nii.gz,0.05,64,fibonacci,0.6751418113708496,0.03743719682097435,0.015546582639217377,0.03144951909780502,30.047719955444336,0.3436225950717926,0.02237723208963871,0.03743719682097435,28.533933639526367,0.290090411901474,0.0013506751274690032,0.011482457630336285,38.79930114746094,0.45487669110298157
liver_78,liver_78.nii.gz,0.0,64,fibonacci,0.6747126579284668,0.0,7.906235987320542e-05,0.0023443440441042185,52.599571228027344,0.9063493013381958,1.7599109669586e-10,1.0000032943935366e-06,119.99996948242188,0.9085025191307068,0.0002430535532766953,0.004110434558242559,47.72224426269531,0.9018839001655579
liver_78,liver_78.nii.gz,0.01,64,fibonacci,0.6747126579284668,0.0072418563067913055,0.0029033776372671127,0.006393421906977892,43.88533020019531,0.8336247205734253,0.0041886321268975735,0.00724185723811388,42.803001403808594,0.8202817440032959,0.00023749696265440434,0.004108537454158068,47.726253509521484,0.8613010048866272
liver_78,liver_78.nii.gz,0.02,64,fibonacci,0.6747126579284668,0.014485937543213367,0.0057325782254338264,0.012127435766160488,38.32461929321289,0.6756859421730042,0.008382504805922508,0.014485934749245644,36.781070709228516,0.6340000033378601,0.00023608563060406595,0.004108739551156759,47.725826263427734,0.7621512413024902
liver_78,liver_78.nii.gz,0.05,64,fibonacci,0.6747126579284668,0.036227770149707794,0.014243812300264835,0.029864542186260223,30.496883392333984,0.30186572670936584,0.020974906161427498,0.03622777387499809,28.819168090820312,0.2339821606874466,0.00028214423218742013,0.0044228993356227875,47.08585739135742,0.44267022609710693
liver_45,liver_45.nii.gz,0.0,64,fibonacci,0.6740026473999023,0.0,9.811417839955539e-05,0.0024833681527525187,52.09918212890625,0.9059814810752869,6.064107549441644e-11,1.00000113434362e-06,119.99999237060547,0.9079499244689941,0.00030096605769358575,0.004349446855485439,47.2313232421875,0.9019120931625366
liver_45,liver_45.nii.gz,0.01,64,fibonacci,0.6740026473999023,0.007227156776934862,0.002908105729147792,0.006431507412344217,43.833740234375,0.8332674503326416,0.004171099979430437,0.007227156776934862,42.820648193359375,0.8196412920951843,0.0002968527842313051,0.0043469080701470375,47.23638916015625,0.8614396452903748
liver_45,liver_45.nii.gz,0.02,64,fibonacci,0.6740026473999023,0.014449317008256912,0.005720508750528097,0.01212052721530199,38.32957077026367,0.675597071647644,0.008343478664755821,0.014449317008256912,36.80305480957031,0.6335472464561462,0.0002974940580315888,0.004356468562036753,47.217308044433594,0.7625355124473572
liver_45,liver_45.nii.gz,0.05,64,fibonacci,0.6740026473999023,0.03610926866531372,0.014151372946798801,0.029777074232697487,30.522361755371094,0.3023562431335449,0.020829174667596817,0.036109261214733124,28.847627639770508,0.23404386639595032,0.00034495690488256514,0.0049090939573943615,46.179969787597656,0.44359278678894043
liver_91,liver_91.nii.gz,0.0,64,fibonacci,0.6755657196044922,0.0,0.00023994571529328823,0.004220366477966309,47.49299621582031,0.9095842242240906,3.3268271470987543e-10,1.000006022877642e-06,119.99995422363281,0.9129798412322998,0.0007395811844617128,0.007409463170915842,42.60426330566406,0.9025139808654785
liver_91,liver_91.nii.gz,0.01,64,fibonacci,0.6755657196044922,0.007412763312458992,0.0032000639475882053,0.007399558089673519,42.61588668823242,0.8410559296607971,0.004385839216411114,0.007412763312458992,42.600399017333984,0.830662190914154,0.0007309373468160629,0.007371985353529453,42.648311614990234,0.8626986742019653
liver_91,liver_91.nii.gz,0.02,64,fibonacci,0.6755657196044922,0.014800083823502064,0.006150847766548395,0.012875858694314957,37.804473876953125,0.6918160915374756,0.008753406815230846,0.014800084754824638,36.5947151184082,0.6561266779899597,0.0007315671537071466,0.00740918330848217,42.60459518432617,0.7661319971084595
liver_91,liver_91.nii.gz,0.05,64,fibonacci,0.6755657196044922,0.03700260445475578,0.015032012946903706,0.030735932290554047,30.247074127197266,0.32777172327041626,0.021876826882362366,0.03700260445475578,28.635353088378906,0.2689036726951599,0.0007791364914737642,0.007795931305736303,42.16264343261719,0.45035189390182495
liver_84,liver_84.nii.gz,0.0,64,fibonacci,0.675717830657959,0.0,0.0005874210619367659,0.007307866122573614,42.72418975830078,0.9114660620689392,3.1100191866251237e-10,1.000005227069778e-06,119.99995422363281,0.9160401225090027,0.0018114495323970914,0.012833025306463242,37.83341979980469,0.9019355177879333
liver_84,liver_84.nii.gz,0.01,64,fibonacci,0.675717830657959,0.007579177618026733,0.003681557485833764,0.009570399299263954,40.38139724731445,0.8477178812026978,0.004583476111292839,0.007579177618026733,42.407562255859375,0.8400282263755798,0.001802199287340045,0.0127573162317276,37.88481140136719,0.8637405037879944
liver_84,liver_84.nii.gz,0.02,64,fibonacci,0.675717830657959,0.015140310861170292,0.0067663295194506645,0.014403263106942177,36.83078384399414,0.7073935866355896,0.00914789829403162,0.015140311792492867,36.39730453491211,0.6775160431861877,0.001803775317966938,0.01273108646273613,37.90269088745117,0.7696503400802612
liver_84,liver_84.nii.gz,0.05,64,fibonacci,0.675717830657959,0.03783377259969711,0.01607055589556694,0.03200022131204605,29.896942138671875,0.3581458330154419,0.022869190201163292,0.03783377259969711,28.442405700683594,0.308336466550827,0.0019040136830881238,0.013234126381576061,37.56609344482422,0.4619354009628296
liver_18,liver_18.nii.gz,0.0,64,fibonacci,0.6755585670471191,0.0,0.00029342802008613944,0.004854104015976191,46.27781677246094,0.9111515283584595,3.4482025568216557e-10,1.0000059091908042e-06,119.99995422363281,0.9151914119720459,0.0009044090984389186,0.00852198712527752,41.389183044433594,0.9027400016784668
liver_18,liver_18.nii.gz,0.01,64,fibonacci,0.6755585670471191,0.0074928877875208855,0.0033189456444233656,0.0078055402263998985,42.15194320678711,0.84454345703125,0.004487555008381605,0.007492887321859598,42.507015228271484,0.8352966904640198,0.0008856426575221121,0.008419377729296684,41.49440002441406,0.8637973666191101
liver_18,liver_18.nii.gz,0.02,64,fibonacci,0.6755585670471191,0.014992350712418556,0.006354400422424078,0.013227046467363834,37.57073974609375,0.6971681118011475,0.008980565704405308,0.014992350712418556,36.48260498046875,0.663239061832428,0.0008861438254825771,0.008439629338681698,41.473533630371094,0.767815887928009
liver_18,liver_18.nii.gz,0.05,64,fibonacci,0.6755585670471191,0.037448491901159286,0.015472023747861385,0.031178999692201614,30.122756958007812,0.33435875177383423,0.02243926003575325,0.03744848817586899,28.531314849853516,0.2769216299057007,0.0009647017577663064,0.0087312962859869,41.178428649902344,0.4539555609226227
liver_58,liver_58.nii.gz,0.0,64,fibonacci,0.6692333221435547,0.0,6.249554280657321e-05,0.002433144487440586,52.27664566040039,0.9046799540519714,1.5403098241328905e-10,1.0000030670198612e-06,119.99996948242188,0.906486988067627,0.00018894116510637105,0.004230648744851351,47.47186279296875,0.9010245203971863
liver_58,liver_58.nii.gz,0.01,64,fibonacci,0.6692333221435547,0.007206966634839773,0.0028342697769403458,0.00636754697188735,43.920555114746094,0.8312129974365234,0.004143388941884041,0.007206967566162348,42.844947814941406,0.8167011737823486,0.00018555534188635647,0.004182215314358473,47.57187271118164,0.8605743050575256
liver_58,liver_58.nii.gz,0.02,64,fibonacci,0.6692333221435547,0.014387741684913635,0.0055922046303749084,0.012022661045193672,38.399986267089844,0.6730714440345764,0.008263077586889267,0.014387741684913635,36.84014892578125,0.6289105415344238,0.00018828366592060775,0.004262020345777273,47.40768814086914,0.7624213695526123
liver_58,liver_58.nii.gz,0.05,64,fibonacci,0.6692333221435547,0.035970427095890045,0.013902135193347931,0.029532449319958687,30.594009399414062,0.29820528626441956,0.02067289687693119,0.03597042337059975,28.88109016418457,0.22585679590702057,0.0002029919996857643,0.004351702518761158,47.22681427001953,0.44458645582199097
liver_21,liver_21.nii.gz,0.0,64,fibonacci,0.670475959777832,0.0,0.000273226760327816,0.004922077059745789,46.15703201293945,0.9096315503120422,2.973841173314895e-10,1.0000051133829402e-06,119.99995422363281,0.9133139848709106,0.0008291551494039595,0.008574421517550945,41.33590316772461,0.9021393656730652
liver_21,liver_21.nii.gz,0.01,64,fibonacci,0.670475959777832,0.007424305193126202,0.003226109314709902,0.007806205190718174,42.15119934082031,0.8420488834381104,0.004407975357025862,0.007424304727464914,42.586883544921875,0.8315598368644714,0.0008213894325308502,0.008530628867447376,41.3803825378418,0.8633906245231628
liver_21,liver_21.nii.gz,0.02,64,fibonacci,0.670475959777832,0.014893156476318836,0.006197309121489525,0.013133013620972633,37.63270950317383,0.6929928660392761,0.008839482441544533,0.014893156476318836,36.54026412963867,0.6561912894248962,0.000821331050246954,0.00849147979170084,41.42033004760742,0.7678723335266113
liver_21,liver_21.nii.gz,0.05,64,fibonacci,0.670475959777832,0.03708190470933914,0.015032704919576645,0.030778856948018074,30.234949111938477,0.33126237988471985,0.021983498707413673,0.03708190843462944,28.616756439208984,0.2691435217857361,0.0008900716784410179,0.008777514100074768,41.132568359375,0.4576544761657715
liver_127,liver_127.nii.gz,0.0,64,fibonacci,0.6765017509460449,0.0,0.00033278437331318855,0.0050139594823122025,45.99638366699219,0.911392092704773,3.53967688493384e-10,1.000006022877642e-06,119.99993896484375,0.915335476398468,0.0010287045734003186,0.008815457113087177,41.0951042175293,0.9031460881233215
liver_127,liver_127.nii.gz,0.01,64,fibonacci,0.6765017509460449,0.007514295633882284,0.0033774825278669596,0.007940992712974548,42.00250244140625,0.8448423743247986,0.004506491590291262,0.007514295633882284,42.48223114013672,0.8357126712799072,0.0010164908599108458,0.00876643043011427,41.14354705810547,0.8639344573020935
liver_127,liver_127.nii.gz,0.02,64,fibonacci,0.6765017509460449,0.015013618394732475,0.0064146253280341625,0.013320736587047577,37.50943374633789,0.6984981298446655,0.008995601907372475,0.015013620257377625,36.47029113769531,0.6652427911758423,0.0010172697948291898,0.00878257118165493,41.127567291259766,0.7680420875549316
liver_127,liver_127.nii.gz,0.05,64,fibonacci,0.6765017509460449,0.03750912845134735,0.015550983138382435,0.03128907456994057,30.092145919799805,0.33808013796806335,0.022466003894805908,0.03750912845134735,28.517261505126953,0.2820040285587311,0.0010902496287599206,0.009171654470264912,40.75104522705078,0.45534685254096985
liver_75,liver_75.nii.gz,0.0,64,fibonacci,0.6739368438720703,0.0,2.9672202799702063e-05,0.0015603762585669756,56.13541030883789,0.9035446047782898,9.324309380165374e-11,1.000001930151484e-06,119.99998474121094,0.9048674702644348,9.100119495997205e-05,0.002732614753767848,51.268428802490234,0.900810956954956
liver_75,liver_75.nii.gz,0.01,64,fibonacci,0.6739368438720703,0.007140763103961945,0.002776196924969554,0.006064383313059807,44.344268798828125,0.82828688621521,0.004075948148965836,0.007140764035284519,42.925106048583984,0.8131880164146423,8.975280070444569e-05,0.00272000883705914,51.30859375,0.8594946265220642
liver_75,liver_75.nii.gz,0.02,64,fibonacci,0.6739368438720703,0.014298458583652973,0.005523690953850746,0.011840582825243473,38.53253936767578,0.6654964089393616,0.00815262459218502,0.014298459514975548,36.89421463012695,0.6203641295433044,8.997457916848361e-05,0.00272192619740963,51.30247116088867,0.7587798237800598
liver_75,liver_75.nii.gz,0.05,64,fibonacci,0.6739368438720703,0.03572292998433113,0.013763656839728355,0.02937234193086624,30.6412296295166,0.2861769497394562,0.0203732717782259,0.03572292998433113,28.941059112548828,0.21378599107265472,0.00010230758198304102,0.002880175830796361,50.81161880493164,0.4358011484146118
liver_86,liver_86.nii.gz,0.0,64,fibonacci,0.6775059700012207,0.0,0.0004511564038693905,0.00602608360350132,44.399295806884766,0.9116290211677551,3.524373570762407e-10,1.000006022877642e-06,119.99993896484375,0.915787935256958,0.0013989597791805863,0.010611440055072308,39.48451232910156,0.9028921723365784
liver_86,liver_86.nii.gz,0.01,64,fibonacci,0.6775059700012207,0.007529709488153458,0.003514358540996909,0.008616570383310318,41.293312072753906,0.8464789986610413,0.004527355544269085,0.007529708556830883,42.464439392089844,0.8379584550857544,0.0013862218474969268,0.010540983639657497,39.54237747192383,0.864379346370697
liver_86,liver_86.nii.gz,0.02,64,fibonacci,0.6775059700012207,0.015069136396050453,0.0065887379460036755,0.013776490464806557,37.217227935791016,0.7027968168258667,0.009063906967639923,0.015069134533405304,36.438232421875,0.6711906790733337,0.0013888244284316897,0.010557347908616066,39.52890396118164,0.769196093082428
liver_86,liver_86.nii.gz,0.05,64,fibonacci,0.6775059700012207,0.03765265271067619,0.0158062931150198,0.03159647062420845,30.00722885131836,0.34900879859924316,0.022636841982603073,0.03765265271067619,28.484088897705078,0.2961558401584625,0.001456450903788209,0.010829540900886059,39.30780029296875,0.4600438177585602
liver_7,liver_7.nii.gz,0.0,64,fibonacci,0.6697335243225098,0.0,0.00037214759504422545,0.00560116907581687,45.034427642822266,0.91084885597229,3.0923824612116846e-10,1.0000053407566156e-06,119.99995422363281,0.915117084980011,0.001126809511333704,0.009746449068188667,40.22307586669922,0.9021939039230347
liver_7,liver_7.nii.gz,0.01,64,fibonacci,0.6697335243225098,0.007516512647271156,0.003390546189621091,0.008309484459459782,41.6085205078125,0.8455097675323486,0.004509396851062775,0.007516512181609869,42.479671478271484,0.8363465666770935,0.0011216766433790326,0.009720919653773308,40.245853424072266,0.8640913963317871
liver_7,liver_7.nii.gz,0.02,64,fibonacci,0.6697335243225098,0.015004895627498627,0.006394580937922001,0.013484232127666473,37.40347671508789,0.7021482586860657,0.008994065225124359,0.015004895627498627,36.475341796875,0.6681276559829712,0.0011231988901272416,0.009693960659205914,40.26997375488281,0.7711370587348938
liver_7,liver_7.nii.gz,0.05,64,fibonacci,0.6697335243225098,0.03755402937531471,0.015477489680051804,0.031276885420084,30.095529556274414,0.34387296438217163,0.022513041272759438,0.03755402937531471,28.50687026977539,0.28535905480384827,0.0012103829067200422,0.010103653185069561,39.910430908203125,0.4625309407711029
liver_60,liver_60.nii.gz,0.0,64,fibonacci,0.6711230278015137,0.0,0.00010194283095188439,0.0031732895877212286,49.96980667114258,0.9057128429412842,1.5821258192438847e-10,1.0000029533330235e-06,119.99996948242188,0.907837450504303,0.000309972238028422,0.005533411167562008,45.14014434814453,0.9013777375221252
liver_60,liver_60.nii.gz,0.01,64,fibonacci,0.6711230278015137,0.007246166467666626,0.0029107846785336733,0.006730105262249708,43.4395637512207,0.8332947492599487,0.0041859885677695274,0.007246166002005339,42.79783248901367,0.8197049498558044,0.0003085384960286319,0.005529549904167652,45.146202087402344,0.8610270023345947
liver_60,liver_60.nii.gz,0.02,64,fibonacci,0.6711230278015137,0.014482642523944378,0.005714596249163151,0.012281433679163456,38.21501922607422,0.6761361360549927,0.008363687433302402,0.014482641592621803,36.783042907714844,0.6337454915046692,0.00030872461502440274,0.005532830487936735,45.14105224609375,0.7626405358314514
liver_60,liver_60.nii.gz,0.05,64,fibonacci,0.6711230278015137,0.03614986315369606,0.014123361557722092,0.029795538634061813,30.51697540283203,0.30413618683815,0.0208820179104805,0.03614986315369606,28.837867736816406,0.23458130657672882,0.00033130618976429105,0.005715160630643368,44.859432220458984,0.446073442697525
liver_101,liver_101.nii.gz,0.0,64,fibonacci,0.6755166053771973,0.0,0.0006438946584239602,0.007766703609377146,42.19526672363281,0.9118858575820923,3.834188799789473e-10,1.000006818685506e-06,119.99993896484375,0.9165520071983337,0.001984367845579982,0.013634540140628815,37.30718994140625,0.9021723866462708
liver_101,liver_101.nii.gz,0.01,64,fibonacci,0.6755166053771973,0.007586743216961622,0.003740021726116538,0.009917519055306911,40.07194137573242,0.8483880758285522,0.004590942990034819,0.0075867450796067715,42.39889144897461,0.8407389521598816,0.0019685551524162292,0.013538551516830921,37.368553161621094,0.8643121123313904
liver_101,liver_101.nii.gz,0.02,64,fibonacci,0.6755166053771973,0.015161418356001377,0.006834762170910835,0.014658835716545582,36.67801284790039,0.7085275650024414,0.009170771576464176,0.015161418356001377,36.38520050048828,0.6784005761146545,0.001971607794985175,0.013552891090512276,37.35935974121094,0.771246612071991
liver_101,liver_101.nii.gz,0.05,64,fibonacci,0.6755166053771973,0.037873052060604095,0.016145121306180954,0.03212127834558487,29.86414337158203,0.36068832874298096,0.02291264757514,0.037873052060604095,28.433395385742188,0.3101441562175751,0.002056337660178542,0.01391589641571045,37.12977600097656,0.4659123420715332
liver_23,liver_23.nii.gz,0.0,64,fibonacci,0.6744980812072754,0.0,0.00019919208716601133,0.004048516508191824,47.85408020019531,0.9095789790153503,2.8791358186452953e-10,1.0000049996961025e-06,119.99995422363281,0.9130334258079529,0.0006119530298747122,0.007096089888364077,42.979618072509766,0.9024209976196289
liver_23,liver_23.nii.gz,0.01,64,fibonacci,0.6744980812072754,0.007413903716951609,0.0031562040094286203,0.007296257186681032,42.737998962402344,0.8408708572387695,0.004387409891933203,0.007413904182612896,42.59906005859375,0.8302527070045471,0.0006049256189726293,0.007046221289783716,43.04087829589844,0.8628736138343811
liver_23,liver_23.nii.gz,0.02,64,fibonacci,0.6744980812072754,0.014818372204899788,0.006120313424617052,0.012822396121919155,37.84061813354492,0.6897558569908142,0.008780369535088539,0.014818371273577213,36.58399200439453,0.6531015634536743,0.000608202361036092,0.007077510003000498,43.00239181518555,0.7657100558280945
liver_23,liver_23.nii.gz,0.05,64,fibonacci,0.6744980812072754,0.03705838322639465,0.015006068162620068,0.030731605365872383,30.2482967376709,0.3226053714752197,0.0219198577105999,0.03705838695168495,28.622268676757812,0.2612771689891815,0.00067946343915537,0.007462527137249708,42.54228210449219,0.4496883451938629
liver_25,liver_25.nii.gz,0.0,64,fibonacci,0.6709628105163574,0.0,0.000354372663423419,0.006192706059664488,44.162391662597656,0.9108642339706421,3.808031112662036e-10,1.0000069323723437e-06,119.99993896484375,0.9149707555770874,0.0010769979562610388,0.010795878246426582,39.3348388671875,0.9024906754493713
liver_25,liver_25.nii.gz,0.01,64,fibonacci,0.6709628105163574,0.007484596222639084,0.0033500988502055407,0.008684445172548294,41.22515869140625,0.8444759249687195,0.004473554901778698,0.007484596222639084,42.516632080078125,0.8348144888877869,0.00105918082408607,0.010722886770963669,39.39376449584961,0.8641772866249084
liver_25,liver_25.nii.gz,0.02,64,fibonacci,0.6709628105163574,0.014965226873755455,0.006343196611851454,0.013703950680792332,37.263084411621094,0.6984692811965942,0.008936850354075432,0.01496522780507803,36.49833297729492,0.6632259488105774,0.0010542948730289936,0.010679993778467178,39.42858123779297,0.7703362703323364
liver_25,liver_25.nii.gz,0.05,64,fibonacci,0.6709628105163574,0.037423741072416306,0.015380051918327808,0.03128565475344658,30.093095779418945,0.33814263343811035,0.022362377494573593,0.03742373734712601,28.53705596923828,0.277949720621109,0.0011418985668569803,0.010898832231760025,39.25239944458008,0.4608862102031708
liver_39,liver_39.nii.gz,0.0,64,fibonacci,0.6765241622924805,0.0,0.00032438841299153864,0.005446551833301783,45.277565002441406,0.9107674360275269,3.387820579625611e-10,1.0000062502513174e-06,119.99993896484375,0.9144504070281982,0.0010028204414993525,0.009576365351676941,40.37598419189453,0.9030652046203613
liver_39,liver_39.nii.gz,0.01,64,fibonacci,0.6765241622924805,0.0074606710113584995,0.0033198129385709763,0.008179083466529846,41.745906829833984,0.8428267240524292,0.004436480347067118,0.0074606724083423615,42.54444122314453,0.8328180909156799,0.0009843908483162522,0.009507687762379646,40.438499450683594,0.86375892162323
liver_39,liver_39.nii.gz,0.02,64,fibonacci,0.6765241622924805,0.014896764419972897,0.006306616589426994,0.01340945903211832,37.45177459716797,0.6945626139640808,0.00885101780295372,0.014896765351295471,36.53815841674805,0.6595335006713867,0.0009852023795247078,0.009579393081367016,40.37323760986328,0.7678231000900269
liver_39,liver_39.nii.gz,0.05,64,fibonacci,0.6765241622924805,0.03725847974419594,0.015324736014008522,0.031160250306129456,30.127981185913086,0.3332560360431671,0.022142263129353523,0.03725847974419594,28.575496673583984,0.2747078239917755,0.0010664168512448668,0.009917208924889565,40.07221221923828,0.455704927444458
liver_98,liver_98.nii.gz,0.0,64,fibonacci,0.6743278503417969,0.0,0.0006122775375843048,0.00728105241432786,42.75611877441406,0.9131498336791992,3.944192195071139e-10,1.0000072734328569e-06,119.99993133544922,0.917935311794281,0.0018800419056788087,0.012758624739944935,37.8839225769043,0.9032415151596069
liver_98,liver_98.nii.gz,0.01,64,fibonacci,0.6743278503417969,0.007618022616952658,0.0037378366105258465,0.009588489308953285,40.364994049072266,0.8504883050918579,0.004636894445866346,0.007618023082613945,42.36315155029297,0.8431584239006042,0.0018762716790661216,0.012733484618365765,37.90105438232422,0.8656654953956604
liver_98,liver_98.nii.gz,0.02,64,fibonacci,0.6743278503417969,0.01527490559965372,0.006875490769743919,0.0145003292709589,36.77244186401367,0.7121457457542419,0.009287218563258648,0.015274904668331146,36.32042694091797,0.6825442910194397,0.0018818324897438288,0.012747768312692642,37.89131546020508,0.7734376788139343
liver_98,liver_98.nii.gz,0.05,64,fibonacci,0.6743278503417969,0.03802037239074707,0.01621577888727188,0.032126881182193756,29.862628936767578,0.36784037947654724,0.023085277527570724,0.038020361214876175,28.399675369262695,0.3180503845214844,0.0019919828046113253,0.013271701522171497,37.54146957397461,0.4709341526031494

