case_id,path,model_label,weight_path,slice_count,known_fraction,mae_all,rmse_all,psnr_all,ssim_all,mae_known,rmse_known,psnr_known,ssim_known,mae_missing,rmse_missing,psnr_missing,ssim_missing
liver_124,liver_124.nii.gz,best_model,runs\ablation_final_128\standard_unet3d_no_partialconv\train\best_model.pt,64,0.6695094108581543,9.360701369587332e-05,0.002725532278418541,51.29097366333008,0.9066795110702515,2.430039225398417e-10,1.0000044312619139e-06,119.99996185302734,0.9092198014259338,0.0002832360623870045,0.004741019569337368,46.48256301879883,0.9015340209007263
liver_124,liver_124.nii.gz,last_checkpoint,runs\ablation_final_128\standard_unet3d_no_partialconv\train\checkpoints\last.pt,64,0.6695094108581543,9.274683543480933e-05,0.002721227239817381,51.30470275878906,0.9066929221153259,2.430039225398417e-10,1.0000044312619139e-06,119.99996185302734,0.9092351198196411,0.0002806333068292588,0.0047335317358374596,46.49629592895508,0.9015433192253113
liver_103,liver_103.nii.gz,best_model,runs\ablation_final_128\standard_unet3d_no_partialconv\train\best_model.pt,64,0.6751418113708496,0.00042230088729411364,0.006369676440954208,43.91765213012695,0.9103841781616211,3.405270232459401e-10,1.000006022877642e-06,119.99995422363281,0.9144320487976074,0.0012999539030715823,0.011175589635968208,39.03459167480469,0.9019721150398254
liver_103,liver_103.nii.gz,last_checkpoint,runs\ablation_final_128\standard_unet3d_no_partialconv\train\checkpoints\last.pt,64,0.6751418113708496,0.000421987846493721,0.006379707250744104,43.90398406982422,0.9103900790214539,3.405270232459401e-10,1.000006022877642e-06,119.99995422363281,0.9144415855407715,0.0012989903334528208,0.011193189769983292,39.02092361450195,0.9019703269004822
liver_78,liver_78.nii.gz,best_model,runs\ablation_final_128\standard_unet3d_no_partialconv\train\best_model.pt,64,0.6747126579284668,7.906235987320542e-05,0.0023443440441042185,52.599571228027344,0.9063493013381958,1.7599109669586e-10,1.0000032943935366e-06,119.99996948242188,0.9085025191307068,0.0002430535532766953,0.004110434558242559,47.72224426269531,0.9018839001655579
liver_78,liver_78.nii.gz,last_checkpoint,runs\ablation_final_128\standard_unet3d_no_partialconv\train\checkpoints\last.pt,64,0.6747126579284668,7.864429062465206e-05,0.0023401968646794558,52.614952087402344,0.9063562154769897,1.7599109669586e-10,1.0000032943935366e-06,119.99996948242188,0.9085112810134888,0.00024176834267564118,0.004103163257241249,47.73762130737305,0.901886522769928
liver_45,liver_45.nii.gz,best_model,runs\ablation_final_128\standard_unet3d_no_partialconv\train\best_model.pt,64,0.6740026473999023,9.811417839955539e-05,0.0024833681527525187,52.09918212890625,0.9059814810752869,6.064107549441644e-11,1.00000113434362e-06,119.99999237060547,0.9079499244689941,0.00030096605769358575,0.004349446855485439,47.2313232421875,0.9019120931625366
liver_45,liver_45.nii.gz,last_checkpoint,runs\ablation_final_128\standard_unet3d_no_partialconv\train\checkpoints\last.pt,64,0.6740026473999023,9.792282071430236e-05,0.002485624048858881,52.09129333496094,0.9059776663780212,6.064107549441644e-11,1.00000113434362e-06,119.99999237060547,0.9079445004463196,0.0003003790625371039,0.0043533979915082455,47.22343444824219,0.9019119143486023
liver_91,liver_91.nii.gz,best_model,runs\ablation_final_128\standard_unet3d_no_partialconv\train\best_model.pt,64,0.6755657196044922,0.00023994571529328823,0.004220366477966309,47.49299621582031,0.9095842242240906,3.3268271470987543e-10,1.000006022877642e-06,119.99995422363281,0.9129798412322998,0.0007395811844617128,0.007409463170915842,42.60426330566406,0.9025139808654785
liver_91,liver_91.nii.gz,last_checkpoint,runs\ablation_final_128\standard_unet3d_no_partialconv\train\checkpoints\last.pt,64,0.6755657196044922,0.00023787742247805,0.004192178137600422,47.55120849609375,0.9096042513847351,3.3268271470987543e-10,1.000006022877642e-06,119.99995422363281,0.9130021929740906,0.0007332061068154871,0.007359975017607212,42.662471771240234,0.902529239654541
liver_84,liver_84.nii.gz,best_model,runs\ablation_final_128\standard_unet3d_no_partialconv\train\best_model.pt,64,0.675717830657959,0.0005874210619367659,0.007307866122573614,42.72418975830078,0.9114660620689392,3.1100191866251237e-10,1.000005227069778e-06,119.99995422363281,0.9160401225090027,0.0018114495323970914,0.012833025306463242,37.83341979980469,0.9019355177879333
liver_84,liver_84.nii.gz,last_checkpoint,runs\ablation_final_128\standard_unet3d_no_partialconv\train\checkpoints\last.pt,64,0.675717830657959,0.0005887019215151668,0.007328335661441088,42.699893951416016,0.9114532470703125,3.1100191866251237e-10,1.000005227069778e-06,119.99995422363281,0.9160403609275818,0.001815399737097323,0.0128689706325531,37.80912399291992,0.9018950462341309
liver_18,liver_18.nii.gz,best_model,runs\ablation_final_128\standard_unet3d_no_partialconv\train\best_model.pt,64,0.6755585670471191,0.00029342802008613944,0.004854104015976191,46.27781677246094,0.9111515283584595,3.4482025568216557e-10,1.0000059091908042e-06,119.99995422363281,0.9151914119720459,0.0009044090984389186,0.00852198712527752,41.389183044433594,0.9027400016784668
liver_18,liver_18.nii.gz,last_checkpoint,runs\ablation_final_128\standard_unet3d_no_partialconv\train\checkpoints\last.pt,64,0.6755585670471191,0.00029154145158827305,0.004844954703003168,46.29420852661133,0.9111745357513428,3.4482025568216557e-10,1.0000059091908042e-06,119.99995422363281,0.9152191281318665,0.0008985943859443069,0.008505924604833126,41.40556716918945,0.9027534127235413
liver_58,liver_58.nii.gz,best_model,runs\ablation_final_128\standard_unet3d_no_partialconv\train\best_model.pt,64,0.6692333221435547,6.249554280657321e-05,0.002433144487440586,52.27664566040039,0.9046799540519714,1.5403098241328905e-10,1.0000030670198612e-06,119.99996948242188,0.906486988067627,0.00018894116510637105,0.004230648744851351,47.47186279296875,0.9010245203971863
liver_58,liver_58.nii.gz,last_checkpoint,runs\ablation_final_128\standard_unet3d_no_partialconv\train\checkpoints\last.pt,64,0.6692333221435547,6.232982559595257e-05,0.002436356619000435,52.26518249511719,0.9046821594238281,1.5403098241328905e-10,1.0000030670198612e-06,119.99996948242188,0.9064899682998657,0.0001884401572169736,0.004236234351992607,47.46039962768555,0.9010249972343445
liver_21,liver_21.nii.gz,best_model,runs\ablation_final_128\standard_unet3d_no_partialconv\train\best_model.pt,64,0.670475959777832,0.000273226760327816,0.004922077059745789,46.15703201293945,0.9096315503120422,2.973841173314895e-10,1.0000051133829402e-06,119.99995422363281,0.9133139848709106,0.0008291551494039595,0.008574421517550945,41.33590316772461,0.9021393656730652
liver_21,liver_21.nii.gz,last_checkpoint,runs\ablation_final_128\standard_unet3d_no_partialconv\train\checkpoints\last.pt,64,0.670475959777832,0.00027318019419908524,0.004927590023726225,46.147308349609375,0.9096387624740601,2.973841173314895e-10,1.0000051133829402e-06,119.99995422363281,0.9133293628692627,0.0008290139376185834,0.008584026247262955,41.32617950439453,0.9021300077438354
liver_127,liver_127.nii.gz,best_model,runs\ablation_final_128\standard_unet3d_no_partialconv\train\best_model.pt,64,0.6765017509460449,0.00033278437331318855,0.0050139594823122025,45.99638366699219,0.911392092704773,3.53967688493384e-10,1.000006022877642e-06,119.99993896484375,0.915335476398468,0.0010287045734003186,0.008815457113087177,41.0951042175293,0.9031460881233215
liver_127,liver_127.nii.gz,last_checkpoint,runs\ablation_final_128\standard_unet3d_no_partialconv\train\checkpoints\last.pt,64,0.6765017509460449,0.00033091806108132005,0.004994736053049564,46.029747009277344,0.911414384841919,3.53967688493384e-10,1.000006022877642e-06,119.99993896484375,0.9153635501861572,0.001022935495711863,0.008781658485531807,41.12846755981445,0.9031563997268677
liver_75,liver_75.nii.gz,best_model,runs\ablation_final_128\standard_unet3d_no_partialconv\train\best_model.pt,64,0.6739368438720703,2.9672202799702063e-05,0.0015603762585669756,56.13541030883789,0.9035446047782898,9.324309380165374e-11,1.000001930151484e-06,119.99998474121094,0.9048674702644348,9.100119495997205e-05,0.002732614753767848,51.268428802490234,0.900810956954956
liver_75,liver_75.nii.gz,last_checkpoint,runs\ablation_final_128\standard_unet3d_no_partialconv\train\checkpoints\last.pt,64,0.6739368438720703,2.9728205845458433e-05,0.0015646953834220767,56.11140441894531,0.9035447835922241,9.324309380165374e-11,1.000001930151484e-06,119.99998474121094,0.9048673510551453,9.11729657673277e-05,0.0027401784900575876,51.244422912597656,0.9008118510246277
liver_86,liver_86.nii.gz,best_model,runs\ablation_final_128\standard_unet3d_no_partialconv\train\best_model.pt,64,0.6775059700012207,0.0004511564038693905,0.00602608360350132,44.399295806884766,0.9116290211677551,3.524373570762407e-10,1.000006022877642e-06,119.99993896484375,0.915787935256958,0.0013989597791805863,0.010611440055072308,39.48451232910156,0.9028921723365784
liver_86,liver_86.nii.gz,last_checkpoint,runs\ablation_final_128\standard_unet3d_no_partialconv\train\checkpoints\last.pt,64,0.6775059700012207,0.00044971657916903496,0.0060280016623437405,44.39653396606445,0.9116390943527222,3.524373570762407e-10,1.000006022877642e-06,119.99993896484375,0.9158041477203369,0.0013944951351732016,0.010614817030727863,39.48175048828125,0.9028891921043396
liver_7,liver_7.nii.gz,best_model,runs\ablation_final_128\standard_unet3d_no_partialconv\train\best_model.pt,64,0.6697335243225098,0.00037214759504422545,0.00560116907581687,45.034427642822266,0.91084885597229,3.0923824612116846e-10,1.0000053407566156e-06,119.99995422363281,0.915117084980011,0.001126809511333704,0.009746449068188667,40.22307586669922,0.9021939039230347
liver_7,liver_7.nii.gz,last_checkpoint,runs\ablation_final_128\standard_unet3d_no_partialconv\train\checkpoints\last.pt,64,0.6697335243225098,0.0003715077182278037,0.005592884495854378,45.04728317260742,0.9108548760414124,3.0923824612116846e-10,1.0000053407566156e-06,119.99995422363281,0.9151293635368347,0.0011248720111325383,0.009732034057378769,40.235931396484375,0.9021874666213989
liver_60,liver_60.nii.gz,best_model,runs\ablation_final_128\standard_unet3d_no_partialconv\train\best_model.pt,64,0.6711230278015137,0.00010194283095188439,0.0031732895877212286,49.96980667114258,0.9057128429412842,1.5821258192438847e-10,1.0000029533330235e-06,119.99996948242188,0.907837450504303,0.000309972238028422,0.005533411167562008,45.14014434814453,0.9013777375221252
liver_60,liver_60.nii.gz,last_checkpoint,runs\ablation_final_128\standard_unet3d_no_partialconv\train\checkpoints\last.pt,64,0.6711230278015137,0.00010170938912779093,0.0031664164271205664,49.98863983154297,0.9057153463363647,1.5821258192438847e-10,1.0000029533330235e-06,119.99996948242188,0.9078400731086731,0.0003092624247074127,0.005521426443010569,45.158973693847656,0.9013801217079163
liver_101,liver_101.nii.gz,best_model,runs\ablation_final_128\standard_unet3d_no_partialconv\train\best_model.pt,64,0.6755166053771973,0.0006438946584239602,0.007766703609377146,42.19526672363281,0.9118858575820923,3.834188799789473e-10,1.000006818685506e-06,119.99993896484375,0.9165520071983337,0.001984367845579982,0.013634540140628815,37.30718994140625,0.9021723866462708
liver_101,liver_101.nii.gz,last_checkpoint,runs\ablation_final_128\standard_unet3d_no_partialconv\train\checkpoints\last.pt,64,0.6755166053771973,0.0006428773049265146,0.007762976456433535,42.19943618774414,0.9118931889533997,3.834188799789473e-10,1.000006818685506e-06,119.99993896484375,0.9165675640106201,0.001981232315301895,0.013627997599542141,37.31135940551758,0.9021627306938171
liver_23,liver_23.nii.gz,best_model,runs\ablation_final_128\standard_unet3d_no_partialconv\train\best_model.pt,64,0.6744980812072754,0.00019919208716601133,0.004048516508191824,47.85408020019531,0.9095789790153503,2.8791358186452953e-10,1.0000049996961025e-06,119.99995422363281,0.9130334258079529,0.0006119530298747122,0.007096089888364077,42.979618072509766,0.9024209976196289
liver_23,liver_23.nii.gz,last_checkpoint,runs\ablation_final_128\standard_unet3d_no_partialconv\train\checkpoints\last.pt,64,0.6744980812072754,0.00019778532441705465,0.004028237424790859,47.89769744873047,0.9095975160598755,2.8791358186452953e-10,1.0000049996961025e-06,119.99995422363281,0.9130536913871765,0.00060763128567487,0.00706054549664259,43.023231506347656,0.9024361968040466
liver_25,liver_25.nii.gz,best_model,runs\ablation_final_128\standard_unet3d_no_partialconv\train\best_model.pt,64,0.6709628105163574,0.000354372663423419,0.006192706059664488,44.162391662597656,0.9108642339706421,3.808031112662036e-10,1.0000069323723437e-06,119.99993896484375,0.9149707555770874,0.0010769979562610388,0.010795878246426582,39.3348388671875,0.9024906754493713
liver_25,liver_25.nii.gz,last_checkpoint,runs\ablation_final_128\standard_unet3d_no_partialconv\train\checkpoints\last.pt,64,0.6709628105163574,0.00035121681867167354,0.00617556506767869,44.18647003173828,0.9108865261077881,3.808031112662036e-10,1.0000069323723437e-06,119.99993896484375,0.9149916172027588,0.001067406963557005,0.01076599583029747,39.358917236328125,0.9025164842605591
liver_39,liver_39.nii.gz,best_model,runs\ablation_final_128\standard_unet3d_no_partialconv\train\best_model.pt,64,0.6765241622924805,0.00032438841299153864,0.005446551833301783,45.277565002441406,0.9107674360275269,3.387820579625611e-10,1.0000062502513174e-06,119.99993896484375,0.9144504070281982,0.0010028204414993525,0.009576365351676941,40.37598419189453,0.9030652046203613
liver_39,liver_39.nii.gz,last_checkpoint,runs\ablation_final_128\standard_unet3d_no_partialconv\train\checkpoints\last.pt,64,0.6765241622924805,0.00032165326410904527,0.005436152685433626,45.294166564941406,0.9107871055603027,3.387820579625611e-10,1.0000062502513174e-06,119.99993896484375,0.9144708514213562,0.0009943650802597404,0.00955808162689209,40.39258575439453,0.9030834436416626
liver_98,liver_98.nii.gz,best_model,runs\ablation_final_128\standard_unet3d_no_partialconv\train\best_model.pt,64,0.6743278503417969,0.0006122775375843048,0.00728105241432786,42.75611877441406,0.9131498336791992,3.944192195071139e-10,1.0000072734328569e-06,119.99993133544922,0.917935311794281,0.0018800419056788087,0.012758624739944935,37.8839225769043,0.9032415151596069
liver_98,liver_98.nii.gz,last_checkpoint,runs\ablation_final_128\standard_unet3d_no_partialconv\train\checkpoints\last.pt,64,0.6743278503417969,0.0006117945304140449,0.007282629609107971,42.754234313964844,0.9131553173065186,3.944192195071139e-10,1.0000072734328569e-06,119.99993133544922,0.9179458618164062,0.0018785588908940554,0.012761387974023819,37.882041931152344,0.903236448764801


