case_id,slice_count,path,known_fraction_repeat_mean,known_fraction_repeat_std,mae_all_repeat_mean,mae_all_repeat_std,rmse_all_repeat_mean,rmse_all_repeat_std,psnr_all_repeat_mean,psnr_all_repeat_std,ssim_all_repeat_mean,ssim_all_repeat_std,mae_known_repeat_mean,mae_known_repeat_std,rmse_known_repeat_mean,rmse_known_repeat_std,psnr_known_repeat_mean,psnr_known_repeat_std,ssim_known_repeat_mean,ssim_known_repeat_std,mae_missing_repeat_mean,mae_missing_repeat_std,rmse_missing_repeat_mean,rmse_missing_repeat_std,psnr_missing_repeat_mean,psnr_missing_repeat_std,ssim_missing_repeat_mean,ssim_missing_repeat_std
liver_101,4,liver_101.nii.gz,0.07346230745315552,0.002339995749174431,0.012219724478200078,0.0011954318599052439,0.05521199852228165,0.004783999430324411,25.1891987323761,0.7789340735982726,0.8141266405582428,0.00730837066657041,3.6182723619571436e-12,2.5625525412876694e-12,1.0000000116860974e-06,4.0194366942304644e-14,120.0,0.0,0.8495653942227364,0.016586625542874,0.013190524419769645,0.0013106984081913834,0.0573629392310977,0.005016504888669039,24.857818365097046,0.7865589814842668,0.8113035187125206,0.006866373745016501
liver_101,8,liver_101.nii.gz,0.1377459168434143,0.002585093677270737,0.008214132394641638,0.0013407447172425068,0.04307148978114128,0.006582294077388457,27.403986930847168,1.3172488629192363,0.8431068584322929,0.005995584995921425,2.2288990314880963e-11,7.154701260208501e-12,1.0000002959031917e-06,1.2058310082691391e-13,120.0,0.0,0.8802446126937866,0.00364309902065019,0.009527571848593652,0.0015649044247717987,0.04638741258531809,0.007113934139158377,26.76032280921936,1.3210371024439906,0.8371704742312431,0.00749811366915085
liver_101,16,liver_101.nii.gz,0.25527483224868774,0.005902999973895324,0.004139628290431574,0.0004931954604108407,0.024994676234200597,0.0033472138723742526,32.10353422164917,1.0635860539185336,0.8772157803177834,0.003578226392278645,5.839894323331207e-11,5.10219836058068e-12,1.0000009211807992e-06,7.285847737667333e-14,119.99999237060547,0.0,0.8965471386909485,0.0008556032979487604,0.005556997784879059,0.00064208065261787,0.028958310605958104,0.003822640198495101,30.82337522506714,1.0493519955681463,0.8705972954630852,0.0045369846132371425
liver_101,32,liver_101.nii.gz,0.42326927185058594,0.011699075720962559,0.0022015438589733094,0.0002057851366066367,0.016769438050687313,0.0017689928477139286,35.55301856994629,0.9343134869552924,0.8971680849790573,0.0021236655036096534,1.79748056716722e-10,1.6161534949755366e-11,1.0000028964896046e-06,3.0384085438575354e-13,119.99997520446777,7.897173606975794e-06,0.9093847796320915,0.00047603520522308194,0.0038148601015564054,0.00031982248287826075,0.022076157154515386,0.0022580183198680367,33.16196632385254,0.8999464174525856,0.888230599462986,0.0031502654075459893
liver_101,64,liver_101.nii.gz,0.6595529317855835,0.006953472412146293,0.0007410344333038665,0.00012077651935191881,0.008363061875570565,0.0008508616875041905,41.5901083946228,0.8518653334975699,0.9107346385717392,0.0012734786567704225,4.107120199492442e-10,1.7581167583638918e-11,1.0000074297522588e-06,3.487558334507349e-13,119.99993228912354,2.6973983046972182e-06,0.9162739142775536,0.0008071928926707345,0.0021762327232863754,0.00034619635734226695,0.014331526239402592,0.00142122440896279,36.90980815887451,0.8322190350037962,0.9000076279044151,0.002168793492461422
liver_101,128,liver_101.nii.gz,0.8733745813369751,0.004966249775627789,0.0001486959936300991,3.697102345287096e-05,0.003708807402290404,0.0005010264929289033,48.684306144714355,1.1699248804298383,0.9154644086956978,0.0002775351754865481,6.405873401171824e-10,1.6570603798363045e-11,1.0000106840379885e-06,2.7847474288855413e-13,119.99991130828857,3.948586803487897e-06,0.9173407778143883,0.0003117608329420286,0.0011727251549018547,0.00027636397499558477,0.010423219529911876,0.0013769362526125442,39.70652627944946,1.1512202526531048,0.9025231823325157,0.000330424481695437
liver_103,4,liver_103.nii.gz,0.07133960723876953,0.0030003274099734347,0.011003476567566395,0.0013697777592338728,0.05408420320600271,0.005536623215731925,25.379385709762573,0.905929709797836,0.8285871967673302,0.005626450596813212,5.376990404304654e-12,4.447470231381114e-12,1.0000000543186616e-06,8.593917141507227e-14,120.0,0.0,0.862181231379509,0.0070559781783427495,0.011849138303659856,0.0014802137019183884,0.0561235249042511,0.00575236834095953,25.05793523788452,0.9060583469484088,0.8259934857487679,0.0061943329814566446
liver_103,8,liver_103.nii.gz,0.13888293504714966,0.005195670277754938,0.005962953669950366,0.000717676732180405,0.035217718686908484,0.0038837659974362278,29.109550714492798,0.9357467643215052,0.858958974480629,0.003788966258021094,1.6397355153373316e-11,5.299228774780617e-12,1.0000002390597729e-06,9.48742763735345e-14,120.0,0.0,0.8843399435281754,0.003533922139008569,0.0069276674767024815,0.0008647396053521469,0.037958959117531776,0.004268282244921053,28.460102319717407,0.9515812050127951,0.8548351228237152,0.0048909581207463495
liver_103,16,liver_103.nii.gz,0.25128722190856934,0.007446805123826484,0.0033968254283536226,0.0004567837281084823,0.023570309625938535,0.0034007719973815987,32.626115798950195,1.1864033219620627,0.8825741186738014,0.00354441512006689,6.430999959991524e-11,8.66877995777539e-12,1.0000010206567822e-06,1.35881760949632e-13,119.99999237060547,0.0,0.8990503028035164,0.0010154216142232763,0.0045352025190368295,0.0005952094587635818,0.02723451959900558,0.003886337755003213,31.3690824508667,1.169165749596989,0.8770604580640793,0.004542648159480482
liver_103,32,liver_103.nii.gz,0.4335911273956299,0.007778851613263768,0.0015862804866628721,0.0001845169949560922,0.013860783772543073,0.0016350299831114396,37.214834213256836,0.9911640620384883,0.9001605808734894,0.0018804462170432291,1.499781653035992e-10,8.514456883684876e-12,1.0000024133205443e-06,1.1767705689334563e-13,119.99998474121094,0.0,0.908962644636631,0.0009192441558100743,0.002799304435029626,0.00030932114552349916,0.01841522380709648,0.002145547305517727,34.74578094482422,0.9785861153315804,0.8934337869286537,0.0025347443665474207
liver_103,64,liver_103.nii.gz,0.6583299040794373,0.005004381472592441,0.0005465777539939154,5.570256614835915e-05,0.0074247653828933835,0.00044398384375519604,42.60101795196533,0.5502020651624039,0.9093552827835083,0.0005057628374134486,3.616790825167193e-10,2.210042273516639e-11,1.000006520257557e-06,4.0736209748450063e-13,119.99993801116943,2.6973983046972182e-06,0.9139329344034195,0.000559749099833624,0.0016009519313229248,0.00017443191964732735,0.012705165892839432,0.0008007037744871505,37.93667507171631,0.5795093043155681,0.9005390703678131,0.0006458557738673798
liver_103,128,liver_103.nii.gz,0.873478353023529,0.004763296529011643,8.916189744923031e-05,2.0340673458793728e-05,0.002865824761101976,0.0003685961271229099,50.91709661483765,1.1066137483369274,0.9127198085188866,0.0001362540051599045,5.421262744276234e-10,1.286175475032223e-11,1.0000090782114057e-06,2.387616929287683e-13,119.99992275238037,2.6973983046972182e-06,0.9142842963337898,0.0001219645217887708,0.0007016426388872787,0.00013861780489338152,0.008050516771618277,0.000948099668864172,41.93608331680298,1.0205006710276872,0.9019131064414978,0.0002226110040671476
liver_124,4,liver_124.nii.gz,0.07086348533630371,0.0014771417520608454,0.004174298781435937,0.0005231938602679688,0.03048342769034207,0.0030520793976093097,30.35978674888611,0.9202381327882202,0.870212085545063,0.002711614704666235,3.640549558862893e-12,3.2522089637414492e-12,1.0000000258969521e-06,5.262677972112621e-14,120.0,0.0,0.883975975215435,0.003996450911168146,0.004492369858780876,0.0005600870748613686,0.031623948365449905,0.003159331255610488,30.04057741165161,0.9184752058846143,0.8691640719771385,0.0029604346433136073
liver_124,8,liver_124.nii.gz,0.13463503122329712,0.00299974325530881,0.002110850968165323,0.0004007851293182603,0.01966659165918827,0.003122091312968656,34.221200942993164,1.3784838108745756,0.8877304047346115,0.003522945137004651,1.853333350503028e-11,4.636422001525599e-12,1.0000002390597729e-06,7.285847737667333e-14,120.0,0.0,0.897077202796936,0.002164889044421371,0.0024387647135881707,0.0004597754154196835,0.02113923989236355,0.003339954764035213,33.5931715965271,1.372867717936179,0.8862765580415726,0.004197274187417415
liver_124,16,liver_124.nii.gz,0.2474392056465149,0.007764214081514397,0.0012307088982197456,0.00023163363267961632,0.014326582895591855,0.002355345196748409,36.98678207397461,1.499829031836966,0.8966662287712097,0.002256868888546933,5.425585284865586e-11,1.1590479911286695e-11,1.000000779072252e-06,1.5418239421029938e-13,119.99999237060547,0.0,0.9048931896686554,0.0009350575677670067,0.0016372063546441495,0.00031765563222531514,0.016522908699698746,0.0027644768390426974,35.75199556350708,1.5282737039406324,0.8939549177885056,0.0028801061363961764
liver_124,32,liver_124.nii.gz,0.42134368419647217,0.004936274166255443,0.0004621075313480105,8.103499784480282e-05,0.007315706694498658,0.0009827150944869759,42.775352478027344,1.0621366454527486,0.9038027822971344,0.0007147509618758844,1.2748949465568593e-10,9.415694181688702e-12,1.0000020580491764e-06,1.4170194103351433e-13,119.99998474121094,0.0,0.9087924063205719,0.0005542528978429055,0.0007978613357408904,0.00013355144171448124,0.009613898815587163,0.001256216700625179,40.39942264556885,1.0356986650417253,0.9001709073781967,0.0008102675334182477
liver_124,64,liver_124.nii.gz,0.6570367217063904,0.006509743038871087,0.00013019375182921067,3.447170040576981e-05,0.0033690649433992803,0.0005607202220060442,49.55989933013916,1.4998567670344736,0.9063940495252609,0.00022444671668882553,2.6254328572283825e-10,1.8898864170618497e-11,1.0000048860092647e-06,3.272466152015679e-13,119.99995994567871,3.5317234030630166e-06,0.9089586660265923,0.00042019802050977855,0.000380009458240238,0.00010149180477448332,0.005754827754572034,0.0009655217037874667,44.91168212890625,1.5163058957625397,0.9014839828014374,0.0001945309227676495
liver_124,128,liver_124.nii.gz,0.866755485534668,0.005753688356255453,3.107306019956013e-05,1.620823140101559e-05,0.001741360523737967,0.0006698972582408559,55.68485116958618,3.087793275710268,0.9069854244589806,0.00015933299937218116,3.3275908417618183e-10,1.1048471014935589e-11,1.0000057102388382e-06,2.0830279511594752e-13,119.99995231628418,5.3947966093944364e-06,0.9079415053129196,0.00015605960761666638,0.00023504601813328918,0.00012697782822395222,0.004783437121659517,0.0018818632870228342,46.92790079116821,3.1474127584882616,0.9007687792181969,0.0005476698241805646
liver_127,4,liver_127.nii.gz,0.07139235734939575,0.004336657883695717,0.009196105354931206,0.0018912690565660757,0.04717793082818389,0.007250782765403537,26.611443996429443,1.295003367518329,0.8357564583420753,0.009831262295558843,8.012502309860323e-12,3.392627548346231e-12,1.0000001111620804e-06,6.076817087715071e-14,120.0,0.0,0.8590823262929916,0.012338341491679084,0.009900816716253757,0.002021413550874124,0.04895492736250162,0.007499351417202124,26.289724349975586,1.290738881303632,0.8339544013142586,0.009760302235735839
liver_127,8,liver_127.nii.gz,0.1340484619140625,0.007299700407816854,0.005351795814931393,0.00047371992293489425,0.03323092847131193,0.0024064621977604637,29.58935523033142,0.6355971009172717,0.8614259138703346,0.0035951056810334878,3.401881510864402e-11,9.33542747369684e-12,1.0000005090660125e-06,1.35881760949632e-13,119.99999713897705,3.948586803487897e-06,0.8852930516004562,0.0034964969319238545,0.006179133255500346,0.0005292309787527296,0.03570761810988188,0.002531871102298456,28.96415638923645,0.6223872897278105,0.8577260747551918,0.0037141412974806254
liver_127,16,liver_127.nii.gz,0.25283747911453247,0.004026774995791527,0.0027587662043515593,0.0002622654827185381,0.0204668533988297,0.0021843304533691018,33.8200945854187,0.8923758284414935,0.8860815018415451,0.0020091015400639212,7.447183321407369e-11,1.2451377136563677e-11,1.00000113434362e-06,1.921658292141084e-13,119.99999237060547,0.0,0.9015748426318169,0.00041071005154190464,0.0036922459839843214,0.0003490485932363709,0.02367719542235136,0.0025162302766036882,32.554189920425415,0.8890576572338157,0.8808387592434883,0.0026425542456424223
liver_127,32,liver_127.nii.gz,0.4302525520324707,0.007411534292472538,0.0012840252893511206,0.00020994908214286848,0.011918738950043917,0.0024918164529164678,38.612759590148926,1.5756473273573302,0.9019322097301483,0.0020322913786013255,1.7478450110852695e-10,1.1459591657950571e-11,1.0000027543810575e-06,1.89748552747069e-13,119.99997329711914,7.063446806126033e-06,0.9112536609172821,0.0005811318354045524,0.002253636746900156,0.00036869358682932045,0.01579085784032941,0.0033091652710647386,36.16926193237305,1.5736319457282857,0.8948940262198448,0.0034563129506405754
liver_127,64,liver_127.nii.gz,0.6607657074928284,0.007710738051980411,0.0003878955940308515,4.5250305276966895e-05,0.005618940864223987,0.0006240721486159472,45.052987575531006,0.9528045663502779,0.9107448309659958,0.0004323297191568194,3.751186444800325e-10,1.9960512923013286e-11,1.0000065486792664e-06,3.3800161269202187e-13,119.99993801116943,2.6973983046972182e-06,0.9151949137449265,0.0005403084279947194,0.001143814079114236,0.00013391343130092506,0.009648959268815815,0.0010765733775850198,40.35700798034668,0.9588805588435266,0.9020800665020943,0.0005979660877980117
liver_127,128,liver_127.nii.gz,0.8740288019180298,0.004573152520995967,7.908446605142672e-05,1.808091696863267e-05,0.00246307480847463,0.00038780518743790826,52.262189865112305,1.3412243238467314,0.9131766930222511,0.00016523553857716422,5.488207041604021e-10,1.0074281461154174e-11,1.0000089218920039e-06,1.8230451263145214e-13,119.99992370605469,0.0,0.9147936850786209,0.0001548346718265219,0.0006272532336879522,0.0001396456466602848,0.006936592923011631,0.0010543063069590594,43.262391567230225,1.2925770564010535,0.9019634202122688,0.0007481851067558807
liver_18,4,liver_18.nii.gz,0.0703008770942688,0.004917744404873558,0.008475453709252179,0.0014492219160194399,0.044762698002159595,0.005583906199002977,27.03601098060608,1.0177927065361696,0.8407493233680725,0.0075489759302497855,1.0364779442161541e-11,1.4326041385776849e-11,1.0000001253729351e-06,2.387616929287683e-13,119.99999904632568,2.6973983046972182e-06,0.8608178049325943,0.01350670052813336,0.009110270242672414,0.0015059846698927484,0.04641361255198717,0.005670625044630791,26.719382524490356,0.9992420747910942,0.839215062558651,0.007230711195737197
liver_18,8,liver_18.nii.gz,0.13688933849334717,0.004831058421571349,0.004885158792603761,0.00020263600208687748,0.031614601612091064,0.001071808141644634,30.00662589073181,0.29511505311803654,0.865884393453598,0.002284363612150241,2.4188364419058805e-11,7.137905921453273e-12,1.0000003385357559e-06,1.2153634175430143e-13,119.99999904632568,2.6973983046972182e-06,0.8902438879013062,0.0017166252229867606,0.005660444556269795,0.0002459492835271698,0.0340300896205008,0.001167656855982027,29.367230892181396,0.2989852123912288,0.8620114475488663,0.0027458957176020736
liver_18,16,liver_18.nii.gz,0.24840617179870605,0.005165174058956968,0.002426783787086606,0.00022930122128273352,0.018917833222076297,0.0018072670411673516,34.49656105041504,0.8178475209958775,0.8896885439753532,0.0018712585326248507,7.050507573602705e-11,1.0177125163154385e-11,1.0000010490784916e-06,1.324411579186557e-13,119.99999237060547,0.0,0.9037672430276871,0.0005080782030213858,0.0032293625408783555,0.0003100176735266557,0.02182264276780188,0.0020975675181092767,33.256303548812866,0.8236126222866422,0.8850290551781654,0.0024818200527275077
liver_18,32,liver_18.nii.gz,0.43024224042892456,0.005818858564239327,0.0011604253450059332,0.00020674762808342012,0.01105135923717171,0.001714777505858944,39.21682262420654,1.277770893939979,0.9025120139122009,0.0024488180361310953,1.738491781089202e-10,9.970487336682795e-12,1.0000027117484933e-06,1.8668294635473248e-13,119.99997901916504,7.897173606975794e-06,0.9115765243768692,0.0011512253473224142,0.00203661629348062,0.0003637719362846725,0.014640654437243938,0.002270331180875642,36.773529052734375,1.2737071742813886,0.8956646248698235,0.003497927462018474
liver_18,64,liver_18.nii.gz,0.6579011082649231,0.00958500830174448,0.00035047551136813127,3.135367612052591e-05,0.005399725050665438,0.00045463451848475446,45.378241539001465,0.7055167293501461,0.9105746746063232,0.00035102163355210013,3.7705420383171706e-10,1.6638947003785207e-11,1.000006520257557e-06,3.268937885596763e-13,119.99993896484375,0.0,0.9150315448641777,0.00032758506778874714,0.0010244757795589976,8.742732653955329e-05,0.009234001161530614,0.0007822204700170007,40.71828031539917,0.711649378287589,0.9020020738244057,0.0006179169083977809
liver_18,128,liver_18.nii.gz,0.8750673532485962,0.003927049554165491,6.705842179144383e-05,1.2410393894482095e-05,0.0022485066729132086,0.00023145104773281125,53.00263833999634,0.8982458761833877,0.9128406867384911,0.00019103263527410721,5.430869989830889e-10,1.2781485435554324e-11,1.0000087797834567e-06,2.560208546264228e-13,119.99992370605469,0.0,0.9144031032919884,0.00017869820408235746,0.0005368030942918267,9.832740076310582e-05,0.006361955543980002,0.0006469035725660485,43.96751356124878,0.883795316372765,0.9019046351313591,0.0003775588105272973
liver_21,4,liver_21.nii.gz,0.07207757234573364,0.0034442628978860424,0.007252066978253424,0.0011276319815711688,0.04067487036809325,0.004817894567864027,27.86597442626953,1.0173643822467804,0.8463440462946892,0.005522222231427839,5.8953309085580524e-12,7.441874479318617e-12,1.0000000543186616e-06,1.2153634175430143e-13,120.0,0.0,0.8664039298892021,0.011755697741230633,0.007813032483682036,0.0011976676144590192,0.04222062323242426,0.004958043458503611,27.541064739227295,1.0080270161990752,0.8447667062282562,0.005459734804307523
liver_21,8,liver_21.nii.gz,0.1348324418067932,0.003643898118617555,0.0037681021203752607,0.0005251716216999767,0.026457095751538873,0.003735909071465117,31.626036405563354,1.240885405797255,0.8736357167363167,0.003887025623617362,2.2836401281263463e-11,7.015466598148894e-12,1.0000003243249012e-06,1.1266720423067396e-13,120.0,0.0,0.888067401945591,0.004605959730527202,0.00435392459621653,0.0005948700117427174,0.028439265908673406,0.0039757774920650855,30.997004985809326,1.2287122942456252,0.8713856264948845,0.0042912060165673045
liver_21,16,liver_21.nii.gz,0.24707603454589844,0.0051091722339208275,0.0021845965820830315,0.00044258640174005346,0.017969195265322924,0.003761825485368269,35.054030418395996,1.6389912473826664,0.8902219459414482,0.0036087344976223914,6.393779212673922e-11,6.040414930562888e-12,1.0000009922350728e-06,8.038873388460929e-14,119.99999237060547,0.0,0.9029069617390633,0.000736246781887495,0.00290130078792572,0.00058966928159418,0.02070872625336051,0.0043474179147506686,33.82145357131958,1.6358377166921783,0.8860628083348274,0.004700551532707054
liver_21,32,liver_21.nii.gz,0.428025484085083,0.005251851686992251,0.0009568041787133552,0.00012146813970477098,0.00994520599488169,0.0010938574122933654,40.09269046783447,0.9398615987819157,0.9030941873788834,0.0013034269919217731,1.5484558947564953e-10,1.0777419355101163e-11,1.0000024133205443e-06,1.797546735911271e-13,119.99998474121094,0.0,0.9105504378676414,0.001011004088645019,0.0016735580866225064,0.00021992275017384974,0.013153474777936935,0.0014852201983836613,37.66629505157471,0.9605150006267585,0.8975140601396561,0.0017306725843815667
liver_21,64,liver_21.nii.gz,0.6559534072875977,0.011845734689780063,0.00034632866299944,9.594985824079336e-05,0.005701502552255988,0.0012411551967554328,45.04649829864502,1.7803063419453782,0.9089252427220345,0.0009557320183539772,3.1297745992087123e-10,1.0299528370311267e-11,1.0000055539194364e-06,2.0551414463046843e-13,119.99995422363281,0.0,0.9129737913608551,0.0006930054668686822,0.00100407288846327,0.000268375519469632,0.009714599116705358,0.002080432376228806,40.41044569015503,1.7348705615072744,0.9012086763978004,0.001380085545726768
liver_21,128,liver_21.nii.gz,0.8675844073295593,0.007098645303530201,6.219449778654962e-05,1.2502729126880601e-05,0.0023128451430238783,0.00030826461337210944,52.78409671783447,1.1532988314798445,0.9111908599734306,0.00010234741325496332,4.516620931427351e-10,7.145733542018532e-12,1.0000073444871305e-06,1.0415139755797376e-13,119.99993133544922,0.0,0.9126614108681679,0.0001112896952288767,0.0004679420562752057,8.027309529948449e-05,0.006350305280648172,0.0007580187439655796,43.99810600280762,1.0355947231633604,0.9015462622046471,0.00039027965197530105
liver_23,4,liver_23.nii.gz,0.07330995798110962,0.003211678197764522,0.005377601773943752,0.000597710731513199,0.03223097324371338,0.0033729001930151974,29.874950408935547,0.8898644295813772,0.8588914126157761,0.004529769651382379,6.8549214427612165e-12,6.066830388235369e-12,1.0000000685295163e-06,1.0415139755797376e-13,120.0,0.0,0.8684704154729843,0.01801202746976419,0.005803577951155603,0.0006491542639269614,0.03348312643356621,0.003515796353596634,29.54427218437195,0.8945239491605357,0.8580936789512634,0.004165976387318828
liver_23,8,liver_23.nii.gz,0.13431322574615479,0.0036396873215550013,0.003518302022712305,0.0004663802388354363,0.025331120239570737,0.0031929719820873712,31.986464023590088,1.0834798415848717,0.8769821003079414,0.0028869644408008655,2.2892581385235145e-11,5.465746415095215e-12,1.0000003385357559e-06,1.0525355944225241e-13,120.0,0.0,0.893762893974781,0.0029202316698818576,0.004063568281708285,0.0005332430111284728,0.02722355118021369,0.0034147620286058907,31.36003875732422,1.077688625007707,0.8743804097175598,0.0033544728329088815
liver_23,16,liver_23.nii.gz,0.24603092670440674,0.0033979520543864434,0.0017983207508223131,0.00012668247825736148,0.015726880868896842,0.001385355655348119,36.09632968902588,0.7592658141247914,0.8940315172076225,0.0010513048965397468,6.760499061606029e-11,7.627069252664932e-12,1.0000010490784916e-06,1.0077261099785555e-13,119.99999237060547,0.0,0.9047457650303841,0.0007692248978305763,0.0023850863508414477,0.00016636434688719614,0.01811177609488368,0.0015902005902824904,34.869826793670654,0.7578931912072241,0.8905350714921951,0.0012703378964367515
liver_23,32,liver_23.nii.gz,0.42953038215637207,0.0055232584643678025,0.0008467690058751032,0.00017726343084075943,0.009671348962001503,0.00179319846105969,40.40788173675537,1.4896567077716498,0.9036350846290588,0.0018457763128296078,1.539709436337855e-10,1.353805447995128e-11,1.000002427531399e-06,2.0097183471152322e-13,119.9999828338623,5.3947966093944364e-06,0.91074238717556,0.0007938113822502233,0.0014858922368148342,0.0003196834737315418,0.012809940031729639,0.00240836140386009,37.97002935409546,1.5109985017869676,0.8982773795723915,0.002820580297518542
liver_23,64,liver_23.nii.gz,0.6657081246376038,0.0054325209889945205,0.0003287558392912615,4.3096825040920133e-05,0.005726217234041542,0.0007894719568701822,44.9093656539917,1.1291907324023533,0.9083747267723083,0.0004096243796971844,2.988350678023721e-10,1.044607796175636e-11,1.0000053549674703e-06,1.9632445861745936e-13,119.99995422363281,0.0,0.9119091182947159,0.00022264472064471665,0.0009827844623941928,0.00012228072722693048,0.009900129167363048,0.0013284856152127517,40.15012454986572,1.0955780594586895,0.9013404622673988,0.0009394703711728675
liver_23,128,liver_23.nii.gz,0.8706120252609253,0.004752906910909556,6.9428623191925e-05,1.8070740984299518e-05,0.002629372291266918,0.00043590912265169425,51.708199977874756,1.450131098929922,0.9103254303336143,0.0001678555479951132,4.2847748613072945e-10,1.1538138936337383e-11,1.0000070602700362e-06,1.7651558534001843e-13,119.9999361038208,3.948586803487897e-06,0.9116673693060875,0.000203893581728152,0.0005389672733144835,0.0001509070291347844,0.00731645297491923,0.0012443887204418504,42.82463312149048,1.486400014477201,0.901300847530365,0.0001972392460550134
liver_25,4,liver_25.nii.gz,0.07121479511260986,0.002322276614947176,0.011281928396783769,0.0019964753984113995,0.05690145958214998,0.007382958614814837,24.962177276611328,1.1371687251198597,0.8315643295645714,0.007243844470824696,3.450483768065865e-12,2.47980996951e-12,1.0000000258969521e-06,5.262677972112621e-14,120.0,0.0,0.8491529747843742,0.010183685513344599,0.012146500987000763,0.0021453955602191866,0.05904226377606392,0.007653956739958639,24.641318321228027,1.1368041750315832,0.8302113339304924,0.007360190953534961
liver_25,8,liver_25.nii.gz,0.13562214374542236,0.0031739737840902537,0.005571735498961061,0.0006877424571152903,0.03675527684390545,0.003563566737991199,28.72907590866089,0.8377982671031686,0.8652408570051193,0.0035788097820624734,2.064212548721217e-11,5.189069818746469e-12,1.0000002959031917e-06,5.883852844667281e-14,120.0,0.0,0.8877642303705215,0.002577173981402547,0.006447151710744947,0.0008078671405344952,0.039536708034574986,0.0038687907394240723,28.096086025238037,0.8449925981401051,0.8616940379142761,0.004364965952186833
liver_25,16,liver_25.nii.gz,0.24516600370407104,0.006927260640800323,0.0026797247701324522,0.0003184673972413959,0.022051240084692836,0.0018576528721414678,33.15766882896423,0.7188151629031959,0.8889108672738075,0.0029207728382023416,7.652074069872117e-11,1.489072431754508e-11,1.0000012053978935e-06,2.09958207601109e-13,119.99999237060547,0.0,0.9035839438438416,0.001087993180079253,0.0035527034488040954,0.0004479990281933978,0.025387440342456102,0.0022270215079986623,31.93602418899536,0.7455777326485222,0.8841296806931496,0.0037826762718978723
liver_25,32,liver_25.nii.gz,0.42466312646865845,0.01444189131997199,0.0013032309507252648,0.000249720556218925,0.013557248748838902,0.002137920424010317,37.44961214065552,1.3542752374161002,0.9019587710499763,0.002328188495223724,1.7298081717020963e-10,1.2405663173876066e-11,1.000002825435331e-06,2.2275907350027805e-13,119.99997329711914,7.063446806126033e-06,0.9114293456077576,0.001050720473048178,0.0022606969287153333,0.00039978600296281197,0.01786335080396384,0.0027227577374901732,35.047656536102295,1.308894470567089,0.8949924260377884,0.0031147646774138146
liver_25,64,liver_25.nii.gz,0.6569167375564575,0.009876617582837414,0.00043761904453276657,6.427659775365619e-05,0.007139186549466103,0.0007743903379097257,42.97283411026001,0.9599496972376153,0.9100734815001488,0.000653004051085791,4.021118611696739e-10,1.507895622704204e-11,1.0000075576499512e-06,3.4375668566028907e-13,119.99993133544922,0.0,0.9145969972014427,0.00047710559724395863,0.0012731107999570668,0.00016450767764562515,0.012182238744571805,0.0012367047931916792,38.325233936309814,0.8923900380732965,0.9014187380671501,0.0009049019822116432
liver_25,128,liver_25.nii.gz,0.8700141906738281,0.005372578206093971,9.212641543854261e-05,3.279928537227172e-05,0.0032118046074174345,0.0008047093873009311,50.05694341659546,1.8496770649520113,0.9129312485456467,0.0003111972142127109,6.089761681038475e-10,1.4797047249853618e-11,1.0000103856100395e-06,2.5736952517654053e-13,119.9999132156372,3.948586803487897e-06,0.914567269384861,0.0002809002393787201,0.0007119796064216644,0.0002610053689950869,0.008917908591683954,0.002265142393928116,41.192715644836426,1.8803426138169912,0.9019897133111954,0.0008154933766646466
liver_39,4,liver_39.nii.gz,0.0720166563987732,0.002532582893688409,0.012327465112321079,0.0017668227951026434,0.06191742420196533,0.007353208680232831,24.220829486846924,1.0823600502646502,0.8303115367889404,0.005221189439722596,3.3036010721725767e-12,2.9425847609840543e-12,1.0000000258969521e-06,5.262677972112621e-14,120.0,0.0,0.8544475734233856,0.030543774502619518,0.013285875087603927,0.0019131480078926773,0.06427854159846902,0.007656366761675318,23.896217346191406,1.0871585457197128,0.8283826559782028,0.004241155576934916
liver_39,8,liver_39.nii.gz,0.13891953229904175,0.006020766137966318,0.006194530462380499,0.001131482297982031,0.039729909505695105,0.006404191625121825,28.109843730926514,1.3298463217342595,0.8629205077886581,0.004972730590249252,1.8379980697147413e-11,6.407084138674288e-12,1.0000002532706276e-06,1.0077261099785555e-13,120.0,0.0,0.8903017640113831,0.003464603773984652,0.007194701058324426,0.001323210788166186,0.042816590052098036,0.006922781132119236,27.460187911987305,1.3303433821776116,0.8584988638758659,0.0054653527973987275
liver_39,16,liver_39.nii.gz,0.2496473789215088,0.005872344756972032,0.002912207302870229,0.00042676854869187785,0.023780639050528407,0.002792372333451035,32.52636241912842,0.9970369284836647,0.8877069652080536,0.003513347742184918,6.074833648270217e-11,7.712622250933065e-12,1.000000935391654e-06,1.0077261099785555e-13,119.99999237060547,0.0,0.9035452827811241,0.0012843766058310874,0.0038826152740512043,0.0005813940509243243,0.027456200448796153,0.003257912602182135,31.278899908065796,1.0045923320227688,0.8824334442615509,0.004428616204956033
liver_39,32,liver_39.nii.gz,0.43087148666381836,0.006285239117492539,0.0013059341727057472,0.00014429461484734296,0.013738258741796017,0.001309926847562683,37.27632522583008,0.8355328141802227,0.9022606015205383,0.001422658643207213,1.4549163956933953e-10,6.876431651233301e-12,1.0000023848988349e-06,8.593917141507227e-14,119.99998474121094,0.0,0.9107288271188736,0.0006905090656255506,0.0022943271906115115,0.0002487206162526509,0.018209959380328655,0.00172272926007512,34.82819700241089,0.8283291119867282,0.8958518877625465,0.0020554679258315504
liver_39,64,liver_39.nii.gz,0.6629297137260437,0.00905067220296529,0.00044895673636347055,6.165645684363228e-05,0.00726878410205245,0.0010455933045861589,42.84399461746216,1.1847076839703463,0.90966796875,0.0005120739761196725,3.507953129366914e-10,1.4259232466183082e-11,1.0000067049986683e-06,2.648823158373114e-13,119.99993896484375,0.0,0.9137609302997589,0.00032059903325219865,0.0013316724798642099,0.00017911084295686762,0.01252123259473592,0.0018045032969115655,38.11985111236572,1.1781714340764415,0.9016194343566895,0.0009373556960039516
liver_39,128,liver_39.nii.gz,0.8728294372558594,0.003903106735702035,0.00010028540600615088,2.4339593189157227e-05,0.0032417389447800815,0.0004519174427240709,49.862483501434326,1.2631953879042646,0.9121819213032722,0.00019779691178907583,5.406727704437841e-10,1.492885077834769e-11,1.0000093340067906e-06,2.4637353064395137e-13,119.9999189376831,3.948586803487897e-06,0.9136377945542336,0.0002568832915587029,0.0007912049841252156,0.00020387133106873352,0.009098080510739237,0.0013165932105224868,40.90456962585449,1.3055911759390992,0.9021958559751511,0.0001662263789740472
liver_45,4,liver_45.nii.gz,0.07132476568222046,0.0031294571090224148,0.003764494089409709,0.0005876962931290654,0.026824901346117258,0.0034510502408633837,31.497437000274658,1.188413020355127,0.8625880479812622,0.005736066214593693,8.291584339554709e-13,1.1162740565402808e-12,9.999999974752427e-07,0.0,120.0,0.0,0.8772398605942726,0.011492430440916827,0.004053842072607949,0.0006328491640226676,0.027836336055770516,0.0035792607524989194,31.17605447769165,1.1899863854685466,0.861459769308567,0.005473041692419902
liver_45,8,liver_45.nii.gz,0.1365896463394165,0.00420687853965547,0.0019176510541001335,0.0003396048999930388,0.017141339951194823,0.002102143027803598,35.37547445297241,1.0544406086661218,0.885519340634346,0.004448776626434211,2.0545384580368704e-12,1.4333014571765776e-12,9.999999974752427e-07,0.0,120.0,0.0,0.8957166150212288,0.003180201667040525,0.002221810646005906,0.00039873264146234494,0.01844940986484289,0.00228149427493676,34.7376012802124,1.0623335229668918,0.8838946297764778,0.004970169814425683
liver_45,16,liver_45.nii.gz,0.24890440702438354,0.00850378844482551,0.0010398500162409618,0.00024666502641705883,0.011454936349764466,0.001929453885709688,38.930789947509766,1.4923160786449188,0.8964700847864151,0.0026824894139299248,1.0531210614932868e-11,3.181931749722628e-12,1.0000001253729351e-06,4.0194366942304644e-14,120.0,0.0,0.9038107916712761,0.0014715241272299192,0.0013834120982210152,0.00032079303254094654,0.013213421567343175,0.0021906663343029295,37.687499046325684,1.4750853520078742,0.894054040312767,0.003127725476228689
liver_45,32,liver_45.nii.gz,0.4322291612625122,0.008658982315483739,0.00045800506268278696,9.352453908453106e-05,0.006484368292149156,0.0010132674520348466,43.853920459747314,1.3444360370421713,0.9027138277888298,0.0008294643312838925,2.4024672225578247e-11,3.730983064267073e-12,1.00000038116832e-06,5.883852844667281e-14,120.0,0.0,0.906792052090168,0.0008487869820413172,0.0008070236071944237,0.0001665022907120952,0.008606878342106938,0.001352431300314351,41.39520978927612,1.349870799791665,0.8996131792664528,0.0009268564979250975
liver_45,64,liver_45.nii.gz,0.6599499583244324,0.00793774201273579,0.00017393973394064233,4.9678828586215354e-05,0.003840304707409814,0.0005252713665421618,48.38367986679077,1.1871245388337757,0.9051708877086639,0.0002801468125511935,6.814815985828337e-11,7.024909922228144e-12,1.0000011911870388e-06,1.0525355944225241e-13,119.99999237060547,0.0,0.9073182120919228,0.00037088113193844383,0.0005100836096971761,0.00014088979988956824,0.006581938825547695,0.0008675813682633077,43.69808530807495,1.134023084615228,0.9010015726089478,0.00046214743688526233
liver_45,128,liver_45.nii.gz,0.8723220825195312,0.006742794724469206,3.889315098604129e-05,1.4010004636512938e-05,0.0016277572576655075,0.00034440728846204415,55.948193073272705,1.9208549501396754,0.9062543287873268,0.00011201279429501208,1.000654637275944e-10,7.339563254027207e-12,1.0000015890909708e-06,1.35881760949632e-13,119.99999046325684,3.5317234030630166e-06,0.9069602638483047,0.00018509658384703912,0.0003076870798395248,0.00011735419163064098,0.004568488133372739,0.0010111880098414672,47.004106521606445,2.0292394326364187,0.9014520570635796,0.000361618338397735
liver_58,4,liver_58.nii.gz,0.07094848155975342,0.0033316621822511872,0.0029162792197894305,0.0004322572861876787,0.02509782137349248,0.00313190991934803,32.06405591964722,1.0510682625071286,0.8773946166038513,0.00484416043619147,3.996459738662972e-12,3.767323656974437e-12,1.0000000258969521e-06,5.262677972112621e-14,120.0,0.0,0.8916406407952309,0.006478166874555428,0.00313901825575158,0.0004660494060099667,0.02603853982873261,0.003249681556773121,31.744428157806396,1.0507759629825708,0.8763061389327049,0.004856680364050975
liver_58,8,liver_58.nii.gz,0.13631212711334229,0.004338822846470412,0.001623329590074718,0.000407043163450878,0.0180079631973058,0.0034894799343740844,35.03627872467041,1.7097539916810613,0.8897276446223259,0.0034201344099686775,1.477829132939118e-11,4.0864902582133974e-12,1.0000002106380634e-06,7.285847737667333e-14,120.0,0.0,0.8999530300498009,0.001970729954130324,0.0018798301025526598,0.0004719403101951255,0.019378825440071523,0.003763718452835269,34.39979934692383,1.714651172444379,0.8881141021847725,0.003800643770308911
liver_58,16,liver_58.nii.gz,0.24773144721984863,0.005497300344805955,0.0007069493731250986,0.00013646954042598807,0.010457783821038902,0.001156016574536666,39.65623950958252,0.9395299838195716,0.898868091404438,0.0012946343106683884,4.353504839613165e-11,1.2801177889691685e-11,1.0000006653854143e-06,2.2275907350027805e-13,119.99999523162842,3.948586803487897e-06,0.9044670313596725,0.0008456019137641171,0.0009401033967151307,0.00018405404477712126,0.012058058753609657,0.0013412156537582478,38.41986799240112,0.9425668997395994,0.8970250263810158,0.0015205074779533134
liver_58,32,liver_58.nii.gz,0.4273262023925781,0.007448008438802991,0.00032716723944758996,3.470662605406858e-05,0.006145327934063971,0.0005369756145477427,44.25727033615112,0.7423227196985479,0.9026424288749695,0.0004108473322803885,7.631182231265798e-11,6.876664967710686e-12,1.0000012480304576e-06,1.0525355944225241e-13,119.99999237060547,0.0,0.9061223492026329,0.0004170164574773302,0.0005709526267310139,5.616542265041676e-05,0.008119063393678516,0.0006834035176875025,41.836021423339844,0.7150673794606046,0.9000481963157654,0.0004632307313398282
liver_58,64,liver_58.nii.gz,0.6532922983169556,0.007509505925628386,0.00013941498036729172,3.92864865861049e-05,0.004097930883290246,0.0009734796524168504,47.952359199523926,1.9886383318568275,0.9040561616420746,0.00045573531652192827,1.6639211709856827e-10,8.25591847242873e-12,1.0000033938695196e-06,1.5418239421029938e-13,119.99996948242188,0.0,0.905978761613369,0.0002603865104066936,0.00040147648178390227,0.00010946342372612116,0.0069568429607898,0.0016295428664032704,43.351107597351074,1.9706587699052303,0.900437481701374,0.0008300951206543862
liver_58,128,liver_58.nii.gz,0.867222011089325,0.004240468247351695,1.8495249946681724e-05,6.656658205323585e-06,0.0013021835111430846,0.00024381993904054873,57.84246015548706,1.6513808809009152,0.9049988016486168,5.394800313706022e-05,1.980503296084013e-10,1.1042538769423068e-11,1.0000035928214857e-06,2.1857543213002e-13,119.99996852874756,2.6973983046972182e-06,0.9056493863463402,8.458484401128392e-05,0.00013951881555840373,5.07796878363615e-05,0.0035741440078709275,0.0006687334088356829,49.071757316589355,1.6449276372474944,0.9007518440485001,0.00019086571644860145
liver_60,4,liver_60.nii.gz,0.06898415088653564,0.003063839809579474,0.003381175978574902,0.0003611218064057979,0.026261653285473585,0.0018664442639834851,31.633888721466064,0.6445698656779859,0.8715775683522224,0.004245471617702969,3.0544271674643256e-12,1.9463410338558035e-12,1.0000000116860974e-06,4.0194366942304644e-14,120.0,0.0,0.88657396286726,0.005919009273853635,0.003631487546954304,0.00038533495625120857,0.02721681329421699,0.0019268007873558255,31.32343864440918,0.6423526781918412,0.8704575598239899,0.004333342481127357
liver_60,8,liver_60.nii.gz,0.13491499423980713,0.0025240674766654307,0.0020582687575370073,0.0003516032410823369,0.019539929227903485,0.0030900940054157605,34.278342723846436,1.3929595351433697,0.8855906203389168,0.0031627498105262094,1.3307714956042882e-11,2.892343275632997e-12,1.0000001964272087e-06,5.262677972112621e-14,120.0,0.0,0.8961991667747498,0.0029888849197090995,0.0023794636508682743,0.00040744562530505533,0.021009323885664344,0.0033274405663237306,33.64891481399536,1.3957256120729664,0.8839330151677132,0.0035980088342390817
liver_60,16,liver_60.nii.gz,0.2500280737876892,0.0063725686989129626,0.0010887672542594373,0.00019678346926981375,0.013025215012021363,0.0018224760168236579,37.77857732772827,1.2155913593078986,0.8960576578974724,0.0020225972255431077,3.6574856424748114e-11,6.000752848082717e-12,1.0000005516985766e-06,9.48742763735345e-14,119.99999713897705,3.948586803487897e-06,0.9035462364554405,0.0006337557041497716,0.0014510480832541361,0.0002564376564194352,0.015038133482448757,0.002078825545732002,36.52889013290405,1.2042141746337411,0.893568143248558,0.0024988179607399086
liver_60,32,liver_60.nii.gz,0.42328697443008423,0.006286218312574005,0.0004899678970105015,6.144520296536227e-05,0.007803660060744733,0.000555751432729279,42.17313289642334,0.6144085254960051,0.9022157341241837,0.0005929702034020987,8.171179271404538e-11,1.3994350365796378e-11,1.0000012906630218e-06,2.4259746764154143e-13,119.99999141693115,2.6973983046972182e-06,0.9064759165048599,0.0007429232720315291,0.0008498844326823018,0.00010903878609645461,0.010277348686940968,0.0007537537052934056,39.78250551223755,0.6296873660473333,0.899090476334095,0.0007280780887516193
liver_60,64,liver_60.nii.gz,0.6575038433074951,0.00635948165400377,0.0001730532767396653,4.166363229720893e-05,0.004416950017912313,0.000828544723944711,47.22306156158447,1.5563763733838079,0.9050355926156044,0.0004605454784215798,1.6380129197468563e-10,1.0181928674431624e-11,1.0000031949175536e-06,1.7651558534001843e-13,119.99996948242188,0.0,0.907276339828968,0.0003491179448570392,0.0005051268890383653,0.00012099885951374568,0.007548543042503297,0.0014249370338126623,42.56897592544556,1.55845800416939,0.9007298275828362,0.0007824592546691836
liver_60,128,liver_60.nii.gz,0.8687477707862854,0.005787814392317464,4.470527574085281e-05,2.289262602985287e-05,0.002160576215828769,0.0006942025943495182,53.69431018829346,2.754982248196637,0.9059904366731644,0.00017398588006752432,2.0602724734586353e-10,4.122807692954379e-12,1.0000035928214857e-06,8.458571405104123e-14,119.99996948242188,0.0,0.9067696034908295,0.00014393170364399903,0.0003380851685506059,0.00016859477276750642,0.005950090475380421,0.0018638674195951164,44.87175369262695,2.6631495259782736,0.9008265733718872,0.00045221820931864147
liver_7,4,liver_7.nii.gz,0.07115453481674194,0.002676055096671746,0.009366412239614874,0.0018702417373587473,0.04747046763077378,0.007791545612986856,26.57514715194702,1.4388696638571297,0.8352958932518959,0.005097612174759446,5.239489818029651e-12,3.971866238972331e-12,1.0000000543186616e-06,8.593917141507227e-14,120.0,0.0,0.866223081946373,0.005498278985817858,0.010084107401780784,0.0020144884031083076,0.04925551684573293,0.00808664336422243,26.254565715789795,1.439191664386163,0.8329203501343727,0.00575575165332372
liver_7,8,liver_7.nii.gz,0.13361823558807373,0.0052588172582098,0.004787127021700144,0.0005926974376328086,0.029576141387224197,0.0036375964245512096,30.63896608352661,1.0730607308201552,0.8657614439725876,0.004080828074752811,2.1027457661366988e-11,6.382250245723756e-12,1.000000281692337e-06,1.0525355944225241e-13,120.0,0.0,0.8848110884428024,0.0024111555346519624,0.005523239087779075,0.0006614606144428884,0.031768808141350746,0.00384378625887594,30.015989065170288,1.0566390577550622,0.8628316596150398,0.004508215148915756
liver_7,16,liver_7.nii.gz,0.24904054403305054,0.0055867937932663056,0.0026092402695212513,0.0002577352870473196,0.018278710544109344,0.002146412771364943,34.8120322227478,0.9997415910896902,0.8873530402779579,0.002383172270433189,6.187235879889785e-11,8.238966370814528e-12,1.000000935391654e-06,1.1767705689334563e-13,119.99999237060547,0.0,0.9014221131801605,0.0007613182364929007,0.0034752580104395747,0.00035081631849633174,0.021095101488754153,0.0024969600989154695,33.56809186935425,1.007259688567997,0.8826816156506538,0.0031317213506932957
liver_7,32,liver_7.nii.gz,0.4242454171180725,0.007417107945709208,0.001294879213673994,9.912994203320315e-05,0.011036886950023472,0.000672129099851184,39.1570987701416,0.5272226652559748,0.9018414169549942,0.001155713557079749,1.5498009472980634e-10,1.2311135872179144e-11,1.0000024559531084e-06,1.9156436974437918e-13,119.9999828338623,5.3947966093944364e-06,0.9104778468608856,0.0008207660496684327,0.0022480445040855557,0.00015281969433450417,0.014544003992341459,0.0008470279020179485,36.75916290283203,0.5044956607889185,0.8954815119504929,0.001314112761816195
liver_7,64,liver_7.nii.gz,0.6553474068641663,0.005216006561704698,0.0005068425816716626,5.214974672735019e-05,0.0066411643056198955,0.000635268494999615,43.587913036346436,0.7955531825772733,0.9095327258110046,0.0006098002316300392,3.2977062747185926e-10,7.56052283343743e-12,1.00000586655824e-06,1.2058310082691391e-13,119.99995231628418,5.3947966093944364e-06,0.914224736392498,0.0003798747037243431,0.00147034993278794,0.00014424931624185304,0.011311777285300195,0.001059848123034775,38.961294651031494,0.7874542217573278,0.9006099626421928,0.0010861210372867048
liver_7,128,liver_7.nii.gz,0.8688850402832031,0.005554675140746615,9.83819145403686e-05,1.4803509409319447e-05,0.002945070853456855,0.0003287290690368808,50.66232633590698,0.9220513781516795,0.9130495265126228,0.00013592440301119898,4.865824201893965e-10,1.0910576986613713e-11,1.0000079271321738e-06,1.797546735911271e-13,119.9999303817749,2.6973983046972182e-06,0.9147239625453949,0.00014646264197336618,0.0007508842973038554,0.00011564407824513023,0.008140252786688507,0.000956782558120437,41.83552598953247,0.9592641877888302,0.9019539058208466,0.0003120864447674234
liver_75,4,liver_75.nii.gz,0.06906384229660034,0.005937196054616206,0.002273999314638786,0.0002774813134775951,0.021658462937921286,0.001931838979856095,33.31769323348999,0.7754681938089811,0.8766748681664467,0.008609794794851834,4.023680409584278e-12,7.005382212619023e-12,1.0000000401078069e-06,1.2058310082691391e-13,120.0,0.0,0.8908501490950584,0.009081343506196557,0.002442626078845933,0.00029710352078819404,0.022447547409683466,0.0019995530934856023,33.006815910339355,0.7749588402130889,0.8756179139018059,0.008569895471341309
liver_75,8,liver_75.nii.gz,0.1372671127319336,0.0027893530863053236,0.0009861411090241745,0.00012418034325625702,0.013790605124086142,0.001752121312793502,37.26530694961548,1.0444085621941162,0.8934388309717178,0.0021729287691969273,1.001065864317946e-11,5.4687155322657986e-12,1.0000001253729351e-06,1.1266720423067396e-13,120.0,0.0,0.899843193590641,0.002039608982693653,0.001142814158811234,0.00014149018794633986,0.014845659141428769,0.0018699463354732114,36.62405014038086,1.036024926432726,0.8924209848046303,0.002300390687679332
liver_75,16,liver_75.nii.gz,0.2524363398551941,0.006147948183920657,0.0005871987050340977,0.00017264787579347274,0.010332408011890948,0.0022387961789884195,39.90851449966431,1.9933727342038472,0.898506335914135,0.0017370168788617328,2.560803153729696e-11,4.608590064279177e-12,1.0000003953791747e-06,6.076817087715071e-14,120.0,0.0,0.9034100845456123,0.000921780418503205,0.0007867001404520124,0.00023531243695935536,0.011956833535805345,0.002621336215231327,38.64486837387085,2.017395287489946,0.896843820810318,0.0021555229785385887
liver_75,32,liver_75.nii.gz,0.4321293830871582,0.007846309832538801,0.0002180028477596352,4.8924500369294495e-05,0.005598667776212096,0.0011858494014657026,45.19307804107666,1.7168634708371404,0.9020479768514633,0.0005075142052590648,4.9187985715765103e-11,3.5572983139029052e-12,1.0000008501265256e-06,6.076817087715071e-14,119.99999237060547,0.0,0.9046168625354767,0.00021653995368780125,0.00038396118179662153,8.622135303476176e-05,0.0074309081537649035,0.0015782558668479831,42.73521184921265,1.7249265694523317,0.9000928327441216,0.0007817732552107731
liver_75,64,liver_75.nii.gz,0.6604635715484619,0.005398370008522268,5.581690129474737e-05,2.7977105449217825e-05,0.0025385496992385015,0.0009847286267549978,52.40561771392822,3.0488872706914423,0.9033050984144211,0.0002413581690096764,1.0818960310965409e-10,1.3525293546800602e-11,1.0000022570011424e-06,2.6093190258279115e-13,119.99998474121094,0.0,0.9047084897756577,0.0002591460992795883,0.0001650144604354864,8.387082548574743e-05,0.004362836043583229,0.0017088905664671221,47.713998794555664,3.089037280773129,0.9005781933665276,0.0003655490246624469
liver_75,128,liver_75.nii.gz,0.8709401488304138,0.00761548839593979,1.071730426360773e-05,7.118118699674012e-06,0.0009635832284402568,0.00041013452042730893,61.177517890930176,4.407802063524614,0.9036027267575264,4.0603863965568864e-05,1.1614293641409867e-10,9.849602188114295e-12,1.0000021859468688e-06,1.5788033916337862e-13,119.99998474121094,0.0,0.9040592983365059,9.278531061672707e-05,8.439734131115983e-05,5.773914601081572e-05,0.002698504184081685,0.0011727259333382545,52.27895975112915,4.550590406769825,0.9005319178104401,0.00022444260852215505
liver_78,4,liver_78.nii.gz,0.07114815711975098,0.001962151210106901,0.0037509691901504993,0.00048654901982816495,0.028743326663970947,0.003282577438161953,30.879623889923096,1.0040489731626863,0.8729421347379684,0.007389883677969693,4.208989317559635e-12,2.946321409230997e-12,1.0000000116860974e-06,4.0194366942304644e-14,120.0,0.0,0.8871233016252518,0.011869114791742158,0.0040379243437200785,0.0005200485721316383,0.029822453623637557,0.0033904967244304525,30.559079885482788,1.000064792902278,0.8718482255935669,0.007077852721827173
liver_78,8,liver_78.nii.gz,0.13333213329315186,0.005825155379309825,0.0020220842852722853,0.00034577456279003666,0.019866475835442543,0.0025373367481484168,34.098610401153564,1.0971830227538328,0.8887967094779015,0.003534193989115816,1.7791477709486192e-11,6.957844088145831e-12,1.0000002390597729e-06,9.48742763735345e-14,120.0,0.0,0.8996871188282967,0.005521854024066523,0.0023315183934755623,0.00038460738681099786,0.021334986435249448,0.0026711761655653053,33.47705316543579,1.0790121333657976,0.8871035203337669,0.003331850695173966
liver_78,16,liver_78.nii.gz,0.2513542175292969,0.004948582407698496,0.0008876643478288315,0.00020201724584351097,0.011426587356254458,0.002532103629415115,39.01281499862671,1.8099413073520754,0.8998590037226677,0.0018100751147064268,3.8633647713240404e-11,7.379629914150066e-12,1.0000005943311407e-06,1.1767705689334563e-13,119.99999713897705,3.948586803487897e-06,0.9066954627633095,0.000629194041613251,0.0011856043565785512,0.0002687828951669072,0.01320546236820519,0.0029194202494635248,37.75549554824829,1.8073411928890923,0.8975629359483719,0.0022437458647157423
liver_78,32,liver_78.nii.gz,0.42778557538986206,0.007976847505495493,0.0004496442670642864,0.00013632290731181997,0.007258691766764969,0.002211632728454903,43.136831283569336,2.656015913884595,0.9035524502396584,0.0013953314360902144,8.476592431444496e-11,8.615655315513838e-12,1.0000013901390048e-06,1.1767705689334563e-13,119.99999237060547,0.0,0.9079161435365677,0.0007604912441991986,0.0007848369932617061,0.00023221085231615683,0.009589901135768741,0.00288624523837461,40.712050914764404,2.6403439960091704,0.9003018438816071,0.0019525699399256932
liver_78,64,liver_78.nii.gz,0.6619382500648499,0.0076532512117890835,0.00010724764342739945,1.7794211133912765e-05,0.0028049852116964757,0.00026235670103254435,51.07622289657593,0.841983673878218,0.9061847999691963,0.00010113973355933514,1.8746830650340218e-10,1.4638202417320135e-11,1.000003578610631e-06,2.5055358720207536e-13,119.99996852874756,2.6973983046972182e-06,0.9083236530423164,0.0002571854855508091,0.00031745729211252183,5.362268014891895e-05,0.00482547894353047,0.0004595995370324766,46.365214347839355,0.8555601254843058,0.9020004868507385,0.00028941644686847486
liver_78,128,liver_78.nii.gz,0.8693692088127136,0.0038359321851789718,2.130965890501102e-05,8.669169986253183e-06,0.0012521874377853237,0.00032897314310293703,58.2984356880188,2.2149010946799246,0.9066029191017151,5.113068140060806e-05,2.4859477670835517e-10,1.018739314158687e-11,1.0000042891533667e-06,1.6917142810208246e-13,119.99996185302734,0.0,0.9074220806360245,0.00010940259453149796,0.00016409327690780628,7.004767107622495e-05,0.0034684797865338624,0.0009250503128186056,49.4572434425354,2.2507657808602723,0.9011558666825294,0.00031837737325748076
liver_84,4,liver_84.nii.gz,0.07128006219863892,0.002446312177300581,0.011351069086231291,0.0013103247809884257,0.051814704202115536,0.0054400708625372265,25.750184297561646,0.8684247079392752,0.8176471441984177,0.0032664014130774073,3.0306693027566667e-12,2.923462855274085e-12,1.0000000116860974e-06,4.0194366942304644e-14,120.0,0.0,0.8554005995392799,0.007049212839350658,0.012222762452438474,0.0014160603660664222,0.053767690900713205,0.005659692890422231,25.42901873588562,0.8706428153347798,0.8147402852773666,0.003473307306727993
liver_84,8,liver_84.nii.gz,0.13701581954956055,0.0042748661973822984,0.007047814957331866,0.0009507779297122636,0.03690130636096001,0.004781780827161041,28.72144103050232,1.1055302711807016,0.846864640712738,0.004691855281051828,1.6011422656475593e-11,3.645364454890668e-12,1.0000002248489182e-06,6.076817087715071e-14,120.0,0.0,0.8770358934998512,0.002442017141955302,0.008166714338585734,0.0011009647988213572,0.03972249338403344,0.0051441987456454065,28.08142399787903,1.1042362362383287,0.8420705199241638,0.005517489664324091
liver_84,16,liver_84.nii.gz,0.2559911012649536,0.0038817355199635838,0.0040507732774131,0.0002761865549009984,0.024120047222822905,0.0014430553621379361,32.36570906639099,0.5101431491145538,0.8753335997462273,0.0027437577643701166,5.6357900984904674e-11,7.37720291651125e-12,1.0000008501265256e-06,1.0525355944225241e-13,119.99999237060547,0.0,0.8952172249555588,0.0006569521180976234,0.00544552446808666,0.00038770762584473237,0.02796535287052393,0.0017106455300869533,31.081437349319458,0.5207616338236766,0.8684832528233528,0.0038272092765264045
liver_84,32,liver_84.nii.gz,0.4291117787361145,0.004666086232055822,0.0020339475595392287,8.501659209283174e-05,0.015113114146515727,0.0005649872409644028,36.41824674606323,0.3254234828879329,0.8975272253155708,0.000936153427703141,1.443745904078364e-10,7.59778235360774e-12,1.000002228579433e-06,1.0415139755797376e-13,119.99998474121094,0.0,0.9084601253271103,0.0005047566322047501,0.0035622451978269964,0.00012974024524868065,0.02000114624388516,0.0007043771662893328,33.98363018035889,0.3066442782287441,0.8893128782510757,0.0013285171054535003
liver_84,64,liver_84.nii.gz,0.6587923765182495,0.006238468529185474,0.0006820687558501959,2.6437697068713262e-05,0.007994562794920057,0.0003076357866393431,41.94983768463135,0.3389027746577353,0.9105135798454285,0.00035010562543183075,3.3509729019387535e-10,1.298326670808941e-11,1.0000057528714024e-06,2.1857543213002e-13,119.99995231628418,5.3947966093944364e-06,0.915805883705616,0.00023402501308765488,0.0020003311801701784,0.00010438743617987236,0.013690494350157678,0.000615933067055608,37.27938413619995,0.3936837189473853,0.9002883583307266,0.000969401252643559
liver_84,128,liver_84.nii.gz,0.8757460117340088,0.006989227838635325,0.00015777667067595758,1.4698056561021792e-05,0.003955890046199784,0.00023143477442189684,48.0684552192688,0.517969734545199,0.9146558716893196,0.00010621173281885783,5.095459193471541e-10,9.10390708671053e-12,1.0000081260841398e-06,1.0525355944225241e-13,119.9999303817749,2.6973983046972182e-06,0.9164337739348412,0.00023907239905371702,0.0012769056411343627,0.00016442182578072743,0.011244247434660792,0.0008742828753947765,39.005794525146484,0.706807193357807,0.9021414741873741,0.0003902566506302635
liver_86,4,liver_86.nii.gz,0.07260119915008545,0.0031878951561354367,0.010996534256264567,0.002207539373371617,0.052999460604041815,0.008144362645985753,25.59523320198059,1.2332035327120348,0.8271087929606438,0.005935150538152123,4.058774326289212e-12,4.323534382952805e-12,1.0000000258969521e-06,8.038873388460929e-14,120.0,0.0,0.8610069751739502,0.011290237242570304,0.011853176401928067,0.0023501339376970323,0.055027400609105825,0.008390302951436685,25.267876386642456,1.2241264479749516,0.8244539201259613,0.006507801413173868
liver_86,8,liver_86.nii.gz,0.13617533445358276,0.0064923387094724255,0.006471998989582062,0.0004801641739251698,0.037021073047071695,0.0025003087940529416,28.64860725402832,0.593081445924786,0.8540312945842743,0.003554781740340251,2.544484620833204e-11,1.7504383491495674e-11,1.0000003527466106e-06,2.813605685961325e-13,119.99999904632568,2.6973983046972182e-06,0.8833170235157013,0.0022418053350475938,0.007492732896935195,0.0005602440266237308,0.03983361925929785,0.0027017845465260423,28.012755393981934,0.5959900499109928,0.8494055792689323,0.004359215142584326
liver_86,16,liver_86.nii.gz,0.2539066672325134,0.005481151658374405,0.003575664886739105,0.0006692939622531699,0.023694557137787342,0.004466740679277002,32.632904052734375,1.5537513812940302,0.8808948621153831,0.005749352418196677,6.263839707337793e-11,8.620716312624484e-12,1.0000009638133633e-06,1.2153634175430143e-13,119.99999237060547,0.0,0.8994363844394684,0.0010324934723780932,0.004793872154550627,0.0009030781310964347,0.027435982134193182,0.005191382622982776,31.360733032226562,1.5625023227247574,0.8745726719498634,0.0075074961104230386
liver_86,32,liver_86.nii.gz,0.4308476448059082,0.011818760070152213,0.001622006093384698,0.0002534209090990468,0.013253347366116941,0.0021971687376416806,37.64307641983032,1.283841913980597,0.9008147791028023,0.0023600445752604985,1.669789116004461e-10,1.1414615554740101e-11,1.0000026406942197e-06,1.5788033916337862e-13,119.99997901916504,7.897173606975794e-06,0.910302460193634,0.0009624349101062116,0.002843981172190979,0.00038299380529396507,0.017546510556712747,0.0027060807102578456,35.19455432891846,1.2040007243724413,0.8936765268445015,0.0032352837056618565
liver_86,64,liver_86.nii.gz,0.6685847043991089,0.005447236426152388,0.0006064976842026226,6.25609475154142e-05,0.0070459244307130575,0.00034336752363121214,43.05026578903198,0.42332779372927554,0.9100778698921204,0.0006022592281193361,3.616744924384019e-10,2.0417055474420792e-11,1.0000063070947363e-06,3.543362811224049e-13,119.99994277954102,7.063446806126033e-06,0.9146392270922661,0.0005690102385251113,0.0018288206920260563,0.00017327666070775065,0.012237880378961563,0.0005470618000758224,38.25348234176636,0.38883208722981755,0.900875598192215,0.0006275302622078553
liver_86,128,liver_86.nii.gz,0.8744581341743469,0.002933494224178526,0.00011002490373357432,2.638188219513432e-05,0.0029694100958295166,0.00045446175940882795,50.636173248291016,1.3375684296311683,0.9141060635447502,0.00022873805541233719,5.89532693495709e-10,2.5500895398963813e-11,1.0000096040130302e-06,4.2537719614005497e-13,119.99991703033447,2.6973983046972182e-06,0.9157977625727654,0.00027140039350054734,0.0008769010819378309,0.00020846721532345695,0.008382110099773854,0.0012718254403139319,41.623032093048096,1.349275968419664,0.9023300036787987,0.00037423083952938603
liver_91,4,liver_91.nii.gz,0.07172071933746338,0.0038293361412315256,0.0076907051261514425,0.0010435820390124343,0.04367368342354894,0.004921812490836969,27.242960214614868,0.9651704176812005,0.848546989262104,0.0037108261763424927,6.9648629345711675e-12,1.1797922675419223e-11,1.0000000685295163e-06,1.6005810188896236e-13,120.0,0.0,0.8658855333924294,0.007596761752198299,0.008283295086584985,0.00110860965845968,0.04532587854191661,0.00506712036953542,26.91971492767334,0.9580285804238257,0.8472043499350548,0.003993317797886554
liver_91,8,liver_91.nii.gz,0.1389579176902771,0.0041898898327881705,0.0052867590566165745,0.0008232625819880324,0.03614131105132401,0.005036475321010408,28.91401696205139,1.2136750756207924,0.8665815442800522,0.003084433977417846,2.2301733701955706e-11,1.0675536906598418e-11,1.0000003243249012e-06,1.7651558534001843e-13,119.99999904632568,2.6973983046972182e-06,0.8892698660492897,0.004053987057292669,0.00613835669355467,0.000945297601796637,0.038943611551076174,0.005388124974960137,28.264214992523193,1.2038130179471185,0.8629294335842133,0.003711043304012124
liver_91,16,liver_91.nii.gz,0.25302499532699585,0.002740661336741449,0.002408840344287455,0.00039661188660499857,0.020400895969942212,0.0031427600759573425,33.89425468444824,1.3057488170604605,0.8898532092571259,0.003219895387772608,6.299401018178274e-11,7.953085682848048e-12,1.0000009922350728e-06,1.1767705689334563e-13,119.99999237060547,0.0,0.9029546156525612,0.0007316008780496496,0.003225809516152367,0.0005378791100752305,0.02360878512263298,0.003667237631204233,32.62729001045227,1.3173450772664037,0.8854095935821533,0.004175876894918326
liver_91,32,liver_91.nii.gz,0.42957133054733276,0.006876800261404091,0.0009671050356701016,0.00010367597159219629,0.010133930714800954,0.0009030722224802735,39.91348361968994,0.7525432391820409,0.9031329676508904,0.0010436837769650562,1.5946008923017896e-10,9.247493770029403e-12,1.0000025554290914e-06,1.6077746776921858e-13,119.9999828338623,5.3947966093944364e-06,0.9102388396859169,0.0007246210260674294,0.001695434853900224,0.0001809785838974096,0.013417547917924821,0.0011877407962201164,37.475221157073975,0.7480648144738704,0.8977800384163857,0.001349177665599717
liver_91,64,liver_91.nii.gz,0.6548174619674683,0.007331861000011133,0.0003092938532063272,5.922491706338313e-05,0.005152045574504882,0.0006552601693332917,45.818872928619385,1.0641842551551675,0.9089034423232079,0.0005145410258191533,3.6754450524756344e-10,1.8067715670824362e-11,1.0000068755289249e-06,3.595093471822542e-13,119.9999361038208,3.948586803487897e-06,0.9126805663108826,0.00045332562487002885,0.0008942196727730334,0.00015788697149434318,0.008763165795244277,0.0010475364509569454,41.198506355285645,1.0012738726873098,0.9017398580908775,0.0005545573739156526
liver_91,128,liver_91.nii.gz,0.8718538284301758,0.005810956163104835,5.991005446048803e-05,1.813690373123177e-05,0.002281838722410612,0.0004976979364121779,53.00390625,1.8084925346717884,0.9106446504592896,0.00013605153036421445,5.140014178173224e-10,1.1332948985553908e-11,1.000008765572602e-06,2.4637353064395137e-13,119.99992370605469,0.0,0.9119948223233223,0.00018780626626475254,0.0004693293922173325,0.00015074130803373366,0.006384011241607368,0.0014495045454381665,44.07714891433716,1.845140217559655,0.9014648497104645,0.0001669786073146806
liver_98,4,liver_98.nii.gz,0.07275676727294922,0.0027078566398891315,0.015384364523924887,0.002672311627131946,0.06654887506738305,0.009153605190901493,23.607607126235962,1.1766553800692128,0.8081455528736115,0.007602020262939093,3.44446439957697e-12,2.1394669532291267e-12,1.0000000116860974e-06,4.0194366942304644e-14,120.0,0.0,0.8489110469818115,0.011903139486201121,0.01659518468659371,0.002909550123169591,0.06911632930859923,0.00955897108131025,23.27952790260315,1.182405268905601,0.8049205839633942,0.007905646758828707
liver_98,8,liver_98.nii.gz,0.13878625631332397,0.005921217844151456,0.008906502393074334,0.0009322851751614984,0.04569672141224146,0.004240131441860422,26.835095643997192,0.8080122178582102,0.8420437872409821,0.005075575012145746,2.1852171547959154e-11,6.8268970467834075e-12,1.0000003101140464e-06,1.1767705689334563e-13,120.0,0.0,0.8776511326432228,0.002697249364900218,0.010338875581510365,0.0010422982272812607,0.049235265236347914,0.0044780862137338,26.18611478805542,0.79441932046933,0.8363213166594505,0.005531482222620046
liver_98,16,liver_98.nii.gz,0.25113803148269653,0.0036254861587611993,0.004564759379718453,0.00043876241140364974,0.027616012142971158,0.0027564965601751044,31.214877128601074,0.8710044238953072,0.876083217561245,0.0040863350000092434,7.055064258493227e-11,8.124686779733213e-12,1.0000011059219105e-06,1.1767705689334563e-13,119.99999237060547,0.0,0.8963446319103241,0.0006841496409798519,0.006094462412875146,0.000572514706640239,0.03190974425524473,0.003154677987008094,29.958849906921387,0.861730556882556,0.8693003728985786,0.005251599358506255
liver_98,32,liver_98.nii.gz,0.42995262145996094,0.0041348624044251344,0.0022288297186605632,0.00016749906693507832,0.016321598435752094,0.0010163761640629469,35.75943660736084,0.53962716212315,0.8982029110193253,0.0018134706358852912,1.704092283949521e-10,1.2329223092622439e-11,1.0000028680678952e-06,1.992417723805975e-13,119.99997138977051,5.3947966093944364e-06,0.9097028523683548,0.0011336291501449867,0.003909604711225256,0.00028758595408504185,0.021616869140416384,0.00132906308830685,33.31844615936279,0.5322788526983343,0.8895334452390671,0.0024092399843849374
liver_98,64,liver_98.nii.gz,0.6633360981941223,0.00553542939815259,0.000773313149693422,5.674336884355219e-05,0.008783536904957145,0.0007399628989643741,41.15305757522583,0.7214947912704065,0.9115119948983192,0.0005174186720192981,4.2760317162104933e-10,1.640328449521111e-11,1.0000080408190115e-06,3.582230842135553e-13,119.99992847442627,3.948586803487897e-06,0.9170985668897629,0.00043026632687240594,0.002296016114996746,0.00014908334675698215,0.015132466796785593,0.001178019681369356,36.42450952529907,0.6693280787165466,0.9005204141139984,0.0012539299868928894
liver_98,128,liver_98.nii.gz,0.8723311424255371,0.005006968676699772,0.00015457073641300667,2.846912528372247e-05,0.003843574784696102,0.0005734396799233346,48.39258575439453,1.3277818665616794,0.9163128733634949,0.00023029756477424047,6.837223912037338e-10,1.0803444966765968e-11,1.0000118493280752e-06,2.169857715263169e-13,119.99989318847656,0.0,0.9182688444852829,0.00025078668227854445,0.0012102896798751317,0.00021362366675661316,0.010759538738057017,0.0015965381173581549,39.45048522949219,1.3203982004284882,0.9029513522982597,0.00048224166265042363

