case_id,path,noise_std,slice_count,sampling_strategy,input_delta_rms_known,output_delta_mae_all,output_delta_rmse_all,output_delta_psnr_all,output_delta_ssim_all,output_delta_mae_known,output_delta_rmse_known,output_delta_psnr_known,output_delta_ssim_known,output_delta_mae_missing,output_delta_rmse_missing,output_delta_psnr_missing,output_delta_ssim_missing,stability_ratio_all,stability_ratio_missing
liver_124,liver_124.nii.gz,0.005,64,fibonacci,0.003641800954937935,0.0014250563690438867,0.0029830285347998142,50.50685501098633,0.8880445957183838,0.0021186084486544132,0.003641801420599222,48.77367401123047,0.8863345980644226,2.005580608965829e-05,0.00023941935796756297,72.41681671142578,0.8915085196495056,0.8191080654078889,0.06574202185403163
liver_124,liver_124.nii.gz,0.01,64,fibonacci,0.007276075892150402,0.0028450917452573776,0.005960842128843069,44.49384689331055,0.8359397053718567,0.0042289551347494125,0.007276075892150402,42.762054443359375,0.8230671286582947,4.165394420851953e-05,0.0005129207856953144,65.79899597167969,0.8620167970657349,0.8192385864575386,0.07049415004709683
liver_124,liver_124.nii.gz,0.02,64,fibonacci,0.014573374763131142,0.005698333494365215,0.011937025003135204,38.46207809448242,0.6799334287643433,0.008471235632896423,0.014573373831808567,36.728797912597656,0.6383513808250427,8.097459794953465e-05,0.0009527158108539879,60.42073059082031,0.7641704678535461,0.8190981977170051,0.06537372615053053
liver_103,liver_103.nii.gz,0.005,64,fibonacci,0.0037419276777654886,0.0015290267765522003,0.0030836458317935467,50.218711853027344,0.8956755995750427,0.0022357157431542873,0.003741926746442914,48.53809356689453,0.8960578441619873,6.033930912963115e-05,0.0004134273331146687,67.6720199584961,0.8948810696601868,0.8240794845171785,0.11048512123076333
liver_103,liver_103.nii.gz,0.01,64,fibonacci,0.007475628517568111,0.003054013941437006,0.0061601209454238415,44.20821762084961,0.8475178480148315,0.00446592690423131,0.007475629448890686,42.52704620361328,0.8385407328605652,0.000119682343211025,0.0008168641361407936,61.75700378417969,0.8661747574806213,0.8240271611874829,0.1092702953632756
liver_103,liver_103.nii.gz,0.02,64,fibonacci,0.014973251149058342,0.00611466821283102,0.01233737263828516,38.1755485534668,0.7021153569221497,0.00894253421574831,0.01497325487434864,36.493675231933594,0.6692584156990051,0.0002376099582761526,0.0016128646675497293,55.84804153442383,0.7704008221626282,0.8239608429369762,0.10771639716008913
liver_78,liver_78.nii.gz,0.005,64,fibonacci,0.003623315365985036,0.001421676017343998,0.002979545621201396,50.51700210571289,0.887188196182251,0.0020973619539290667,0.0036233151331543922,48.81787872314453,0.8850724101066589,2.0165420210105367e-05,0.0002466324658598751,72.15899658203125,0.8915765285491943,0.8223257763242962,0.06806817539958339
liver_78,liver_78.nii.gz,0.01,64,fibonacci,0.0072557139210402966,0.0028460605535656214,0.005966320168226957,44.485870361328125,0.8336478471755981,0.004198846407234669,0.007255712989717722,42.786399841308594,0.8202882409095764,4.01044926547911e-05,0.0004848896060138941,66.28713989257812,0.8613582849502563,0.8222926417930668,0.06682865549698691
liver_78,liver_78.nii.gz,0.02,64,fibonacci,0.014468461275100708,0.005672553088515997,0.011898704804480076,38.49000549316406,0.6762166619300842,0.008367192931473255,0.014468461275100708,36.79155349731445,0.6345644593238831,8.331461867783219e-05,0.0010182803962379694,59.8426513671875,0.7626117467880249,0.8223890971016373,0.07037931517917283
liver_45,liver_45.nii.gz,0.005,64,fibonacci,0.0036168477963656187,0.0014148360351100564,0.0029733958654105663,50.534942626953125,0.8870226144790649,0.0020877381321042776,0.0036168480291962624,48.83339309692383,0.8846975564956665,2.3604421585332602e-05,0.00027164749917574227,71.31988525390625,0.8918298482894897,0.8220959334806337,0.07510614614435991
liver_45,liver_45.nii.gz,0.01,64,fibonacci,0.0072263614274561405,0.0028270359616726637,0.005940270610153675,44.52387237548828,0.8337907791137695,0.004172289278358221,0.007226360961794853,42.82160949707031,0.8201771974563599,4.571112003759481e-05,0.0005260088946670294,65.58013916015625,0.8619371652603149,0.8220278863417988,0.07279028318020313
liver_45,liver_45.nii.gz,0.02,64,fibonacci,0.014446341432631016,0.005650763865560293,0.011876750737428665,38.506046295166016,0.6762919425964355,0.008337515406310558,0.014446343295276165,36.804840087890625,0.6341609358787537,9.588012471795082e-05,0.0011007378343492746,59.16632080078125,0.7633981108665466,0.8221286194026796,0.07619492031823068
liver_91,liver_91.nii.gz,0.005,64,fibonacci,0.0037065360229462385,0.0014971051132306457,0.003053198801353574,50.304901123046875,0.8926734328269958,0.002194406930357218,0.003706536255776882,48.620635986328125,0.8922945261001587,4.5121600123820826e-05,0.0003547268861439079,69.00212097167969,0.8934625387191772,0.8237337455921062,0.0957030726122402
liver_91,liver_91.nii.gz,0.01,64,fibonacci,0.0074088997207582,0.002989912871271372,0.006102913059294224,44.28925323486328,0.8424956798553467,0.00438267458230257,0.007408901117742062,42.604923248291016,0.8321325778961182,8.97808640729636e-05,0.000707779370713979,63.002044677734375,0.86407470703125,0.8237273130037281,0.09553096915739433
liver_91,liver_91.nii.gz,0.02,64,fibonacci,0.014809317886829376,0.005970161873847246,0.012197542004287243,38.27455139160156,0.6927558183670044,0.008753879927098751,0.014809315092861652,36.58930206298828,0.6570715308189392,0.00017365723033435643,0.0013799462467432022,57.2027587890625,0.7670606970787048,0.823639690733838,0.09318094575918674
liver_84,liver_84.nii.gz,0.005,64,fibonacci,0.0037938635796308517,0.0015766887227073312,0.00312977796420455,50.08972930908203,0.8987041711807251,0.0022940661292523146,0.003793864045292139,48.418365478515625,0.8996798992156982,8.186493505490944e-05,0.00046338155516423285,66.68122100830078,0.896670937538147,0.8249579613268755,0.12213975158519551
liver_84,liver_84.nii.gz,0.01,64,fibonacci,0.007564932573586702,0.0031440795864909887,0.006242143455892801,44.09332275390625,0.8519910573959351,0.004572670441120863,0.007564932573586702,42.42389678955078,0.8441202640533447,0.00016727634647395462,0.0009525390341877937,60.42234420776367,0.8683915734291077,0.8251419817920813,0.12591507259610296
liver_84,liver_84.nii.gz,0.02,64,fibonacci,0.015157121233642101,0.006295892875641584,0.012507325038313866,38.05671310424805,0.7111021280288696,0.009157935157418251,0.015157120302319527,36.387664794921875,0.6807716488838196,0.00033215837902389467,0.0019196004141122103,54.335784912109375,0.7743028402328491,0.8251781354465345,0.12664676784741596
liver_18,liver_18.nii.gz,0.005,64,fibonacci,0.003752883058041334,0.0015383516438305378,0.0030929974745959044,50.19240951538086,0.8954737782478333,0.0022480078041553497,0.0037528828252106905,48.51270294189453,0.895814836025238,6.0691352700814605e-05,0.0004002615751232952,67.953125,0.8947636485099792,0.8241656952162452,0.10665442246212584
liver_18,liver_18.nii.gz,0.01,64,fibonacci,0.007509012706577778,0.0030802618712186813,0.006189966574311256,44.166236877441406,0.8461765050888062,0.0044992100447416306,0.007509013172239065,42.48834228515625,0.8368478417396545,0.00012569928367156535,0.0008311390993185341,61.60652542114258,0.8656005263328552,0.8243382740435293,0.11068553640753188
liver_18,liver_18.nii.gz,0.02,64,fibonacci,0.015014823526144028,0.0061561595648527145,0.012375539168715477,38.148719787597656,0.6985298991203308,0.008994991891086102,0.015014825388789177,36.4695930480957,0.6645777821540833,0.00024508495698682964,0.0016211429610848427,55.80357360839844,0.7692258358001709,0.8242214200631136,0.10796949816040696
liver_58,liver_58.nii.gz,0.005,64,fibonacci,0.003595337737351656,0.0013860659673810005,0.0029430645518004894,50.62400436401367,0.8855162858963013,0.0020661321468651295,0.003595337737351656,48.88520812988281,0.8828724026679993,1.0101610314450227e-05,0.0001808197412174195,74.85508728027344,0.8908655643463135,0.8185780493513151,0.05029283878921824
liver_58,liver_58.nii.gz,0.01,64,fibonacci,0.007206163834780455,0.0027800332754850388,0.005899318493902683,44.58396530151367,0.8316091895103455,0.004143548663705587,0.007206164766103029,42.845916748046875,0.8171300888061523,2.126023537130095e-05,0.00038673021481372416,68.25183868408203,0.8609045743942261,0.818648955138891,0.0536665865057322
liver_58,liver_58.nii.gz,0.02,64,fibonacci,0.014389121904969215,0.005544951651245356,0.01177837885916233,38.57828903198242,0.6732857823371887,0.008265065029263496,0.014389121904969215,36.83931350708008,0.6292564272880554,4.140297824051231e-05,0.0007117840577848256,62.953033447265625,0.7623695731163025,0.8185613366090618,0.049466816841617994
liver_21,liver_21.nii.gz,0.005,64,fibonacci,0.0037250465247780085,0.0014992391224950552,0.0030579189769923687,50.291481018066406,0.8934926390647888,0.0022104899398982525,0.0037250472232699394,48.57736587524414,0.8931584358215332,5.207098729442805e-05,0.0003791082708630711,68.42473602294922,0.8941724896430969,0.8209075931406261,0.10177276131756872
liver_21,liver_21.nii.gz,0.01,64,fibonacci,0.007426443975418806,0.002987605519592762,0.006096594966948032,44.29825210571289,0.8440524339675903,0.004405339248478413,0.007426441181451082,42.58438491821289,0.8335475325584412,0.00010297080734744668,0.0007600513054057956,62.383140563964844,0.8654263019561768,0.8209305809250681,0.10234390886426008
liver_21,liver_21.nii.gz,0.02,64,fibonacci,0.014854034408926964,0.005975615233182907,0.012191813439130783,38.27863311767578,0.6957623958587646,0.008812944404780865,0.01485403347760439,36.563114166259766,0.659083366394043,0.00020255852723494172,0.0014626409392803907,56.697242736816406,0.7703925371170044,0.8207745521178919,0.09846758793027799
liver_127,liver_127.nii.gz,0.005,64,fibonacci,0.003753755008801818,0.0015436082612723112,0.0030968347564339638,50.181636810302734,0.8959693908691406,0.002250146586447954,0.003753755474463105,48.51068115234375,0.8963676691055298,6.609024421777576e-05,0.0004234870139043778,67.46319580078125,0.8951363563537598,0.8249965032807135,0.11281690278438097
liver_127,liver_127.nii.gz,0.01,64,fibonacci,0.007508140057325363,0.0030868402682244778,0.006194820627570152,44.159427642822266,0.8471641540527344,0.004498995374888182,0.0075081405229866505,42.48935317993164,0.8380716443061829,0.00013373253750614822,0.0008611971279606223,61.29794692993164,0.8661787509918213,0.8250805899027066,0.11470179317185086
liver_127,liver_127.nii.gz,0.02,64,fibonacci,0.015002351254224777,0.00616078358143568,0.01237559039145708,38.148681640625,0.7009396553039551,0.008981334045529366,0.015002351254224777,36.47681427001953,0.6677464842796326,0.0002624291810207069,0.0016629553865641356,55.58238983154297,0.7703535556793213,0.8249100545470844,0.11084631724616063
liver_75,liver_75.nii.gz,0.005,64,fibonacci,0.0035711091477423906,0.0013748500496149063,0.0029328216332942247,50.65428924560547,0.8834762573242188,0.002037165453657508,0.003571108914911747,48.943939208984375,0.8802617192268372,5.916824648011243e-06,0.00014493426715489477,76.77657318115234,0.8901203870773315,0.8212635100073368,0.04058522469035156
liver_75,liver_75.nii.gz,0.01,64,fibonacci,0.007151266559958458,0.002755426801741123,0.005873142741620541,44.622589111328125,0.8281922340393066,0.004082610365003347,0.00715126795694232,42.91233825683594,0.8130348920822144,1.228409746545367e-05,0.00029433632153086364,70.62312316894531,0.8595207929611206,0.82127308391853,0.041158628204256656
liver_75,liver_75.nii.gz,0.02,64,fibonacci,0.014306711032986641,0.00550907151773572,0.011749000288546085,38.59998321533203,0.6653169393539429,0.008163196966052055,0.014306710101664066,36.88920593261719,0.6201556324958801,2.3284434064407833e-05,0.000543443369679153,65.29691314697266,0.7586603760719299,0.8212230093595024,0.03798520627320623
liver_86,liver_86.nii.gz,0.005,64,fibonacci,0.0037711753975600004,0.0015605679946020246,0.0031144495587795973,50.13237380981445,0.8974270820617676,0.0022667439188808203,0.0037711758632212877,48.470462799072266,0.8980202078819275,7.701111462665722e-05,0.0004470951098483056,66.99200439453125,0.8961812257766724,0.8258564586507132,0.11855590438397057
liver_86,liver_86.nii.gz,0.01,64,fibonacci,0.007523315493017435,0.0031128893606364727,0.006213617976754904,44.13311004638672,0.8497874736785889,0.004521136172115803,0.007523315958678722,42.4718132019043,0.8412308096885681,0.0001543978287372738,0.0009013714734464884,60.90192413330078,0.8677635192871094,0.8259148486490973,0.11981040463916107
liver_86,liver_86.nii.gz,0.02,64,fibonacci,0.015066537074744701,0.006237289402633905,0.012444469146430492,38.10047149658203,0.7056623697280884,0.009058178402483463,0.015066538006067276,36.43973159790039,0.6737896800041199,0.0003110752732027322,0.0018219767371192575,54.78914260864258,0.7726216316223145,0.8259674459163245,0.12092869967932764
liver_7,liver_7.nii.gz,0.005,64,fibonacci,0.0037595503963530064,0.0015310863964259624,0.003086474724113941,50.21074676513672,0.8963158130645752,0.002254067687317729,0.0037595501635223627,48.49728012084961,0.8967652320861816,6.498368020402268e-05,0.0004268182092346251,67.3951416015625,0.8954044580459595,0.8209691050046862,0.11352905646607765
liver_7,liver_7.nii.gz,0.01,64,fibonacci,0.007515097502619028,0.003061676397919655,0.006169741041958332,44.19466018676758,0.8482203483581543,0.004507864359766245,0.00751509889960289,42.48130798339844,0.8388531804084778,0.00012901266745757312,0.0008548651821911335,61.36204528808594,0.8672158718109131,0.8209795068937115,0.11375303938414785
liver_7,liver_7.nii.gz,0.02,64,fibonacci,0.01502047386020422,0.006116753444075584,0.012332274578511715,38.17913818359375,0.7042006254196167,0.009006446227431297,0.01502047386020422,36.46632766723633,0.6699370741844177,0.00025686522712931037,0.0017254891572520137,55.261756896972656,0.7736822962760925,0.8210309936482952,0.11487581372672845
liver_60,liver_60.nii.gz,0.005,64,fibonacci,0.0036288248375058174,0.0014137793332338333,0.002975685987621546,50.52825927734375,0.8867395520210266,0.0020981482230126858,0.0036288253031671047,48.80467987060547,0.8845089673995972,1.722116030578036e-05,0.00022808824724052101,72.83794403076172,0.8912914991378784,0.820013674087066,0.06285457619312697
liver_60,liver_60.nii.gz,0.01,64,fibonacci,0.007229550741612911,0.0028144808020442724,0.005929612088948488,44.53947448730469,0.8341180086135864,0.004176259972155094,0.0072295512072741985,42.817771911621094,0.8206129670143127,3.5565506550483406e-05,0.0005027006845921278,65.97380828857422,0.861677348613739,0.8201909497388206,0.06953415261319203
liver_60,liver_60.nii.gz,0.02,64,fibonacci,0.014486990869045258,0.005642914678901434,0.01188013143837452,38.50357437133789,0.6762669086456299,0.008374063298106194,0.014486992731690407,36.78043746948242,0.6339206099510193,6.959590973565355e-05,0.000934102397877723,60.59210968017578,0.7626808881759644,0.8200551478056851,0.06447870412299662
liver_101,liver_101.nii.gz,0.005,64,fibonacci,0.0037901524920016527,0.0015794665087014437,0.003127891104668379,50.094966888427734,0.8994812965393066,0.0022934761364012957,0.003790152259171009,48.42686462402344,0.9004495143890381,9.302597754867747e-05,0.0004957087221555412,66.09546661376953,0.8974656462669373,0.8252678780785623,0.13078859576273877
liver_101,liver_101.nii.gz,0.01,64,fibonacci,0.0075780488550662994,0.0031569197308272123,0.0062522259540855885,44.079307556152344,0.8529514074325562,0.004586189053952694,0.0075780488550662994,42.408851623535156,0.8450629711151123,0.00018143579654861242,0.0009576024604029953,60.37629699707031,0.8693737387657166,0.8250442922264439,0.12636530572942808
liver_101,liver_101.nii.gz,0.02,64,fibonacci,0.015178307890892029,0.006325006950646639,0.012524958699941635,38.04447555541992,0.7123898267745972,0.009186528623104095,0.015178307890892029,36.37553405761719,0.6818721294403076,0.0003678290522657335,0.0019614803604781628,54.14832305908203,0.7759221792221069,0.8251880769566826,0.12922918513566184
liver_23,liver_23.nii.gz,0.005,64,fibonacci,0.0037112231366336346,0.0014949931064620614,0.003053809516131878,50.303157806396484,0.8923823833465576,0.0021971031092107296,0.0037112233694642782,48.609657287597656,0.8919904232025146,4.00962853746023e-05,0.00033150604576803744,69.59017181396484,0.8931946754455566,0.8228579645313158,0.08932527998538481
liver_23,liver_23.nii.gz,0.01,64,fibonacci,0.00742384884506464,0.0029894958715885878,0.0061084614135324955,44.28136444091797,0.8417805433273315,0.004393992479890585,0.00742384884506464,42.58741760253906,0.8311814665794373,7.91282145655714e-05,0.0006542401970364153,63.68525695800781,0.8637439608573914,0.8228159733604206,0.08812682082978467
liver_23,liver_23.nii.gz,0.02,64,fibonacci,0.014810632914304733,0.005966882687062025,0.012186870910227299,38.28215789794922,0.6907731890678406,0.008769038133323193,0.014810632914304733,36.58852767944336,0.6541646718978882,0.00016031590348575264,0.0013179212110117078,57.602210998535156,0.7666327357292175,0.8228460580139493,0.08898480022003678
liver_25,liver_25.nii.gz,0.005,64,fibonacci,0.0037453032564371824,0.0015227554831653833,0.0030775282066315413,50.235958099365234,0.8958156704902649,0.002237010048702359,0.0037453030236065388,48.53025817871094,0.8959060311317444,6.626865069847554e-05,0.0004248420591466129,67.4354476928711,0.8956314921379089,0.8217033430716423,0.11343328698855616
liver_25,liver_25.nii.gz,0.01,64,fibonacci,0.007490579038858414,0.00304604833945632,0.006155438721179962,44.214820861816406,0.8470707535743713,0.0044734543189406395,0.007490579504519701,42.50968933105469,0.8372064232826233,0.00013532399316318333,0.0008585110772401094,61.32508087158203,0.8671857714653015,0.8217573954226733,0.11461211113139112
liver_25,liver_25.nii.gz,0.02,64,fibonacci,0.01496131531894207,0.006083985324949026,0.012293364852666855,38.20658493041992,0.7004985809326172,0.008938687853515148,0.014961316250264645,36.50060272216797,0.6650221943855286,0.00026276244898326695,0.0016882786294445395,55.45111846923828,0.7728410363197327,0.8216767436952951,0.11284292814195694
liver_39,liver_39.nii.gz,0.005,64,fibonacci,0.0037304253783077,0.0015212639700621367,0.0030773752368986607,50.236392974853516,0.8946589231491089,0.0022179747465997934,0.0037304251454770565,48.56483459472656,0.8943758606910706,6.41479782643728e-05,0.0004148854350205511,67.64143371582031,0.8952507972717285,0.824939497461468,0.11121665572861908
liver_39,liver_39.nii.gz,0.01,64,fibonacci,0.007449316792190075,0.0030379402451217175,0.006145067512989044,44.22946548461914,0.8450084924697876,0.004429479129612446,0.007449317257851362,42.55767059326172,0.8348343968391418,0.0001276465627597645,0.000824599526822567,61.675140380859375,0.8662866353988647,0.8249169265336632,0.1106946515802743
liver_39,liver_39.nii.gz,0.02,64,fibonacci,0.01490058470517397,0.0060783931985497475,0.01229436881840229,38.205875396728516,0.6959711313247681,0.008860337547957897,0.014900583773851395,36.53593444824219,0.6605197191238403,0.0002601738669909537,0.0017088360618799925,55.34599304199219,0.770115077495575,0.8250930457872089,0.11468248365358635
liver_98,liver_98.nii.gz,0.005,64,fibonacci,0.0038157717790454626,0.0015944390324875712,0.0031449904199689627,50.047611236572266,0.900555431842804,0.002322046784684062,0.00381577224470675,48.36834716796875,0.9018833041191101,8.787436672719195e-05,0.0004723812744487077,66.51414489746094,0.8978058695793152,0.8242082079541194,0.12379704599809074
liver_98,liver_98.nii.gz,0.01,64,fibonacci,0.00760484766215086,0.0031736325472593307,0.006267498712986708,44.05811309814453,0.855049192905426,0.0046221064403653145,0.00760484766215086,42.37818908691406,0.84771728515625,0.00017446136916987598,0.0009316198411397636,60.61522674560547,0.870230495929718,0.8241452020373656,0.12250341920409696
liver_98,liver_98.nii.gz,0.02,64,fibonacci,0.015234217047691345,0.006364685017615557,0.012557408772408962,38.02199935913086,0.7160754799842834,0.009265811182558537,0.01523421611636877,36.343597412109375,0.6863226294517517,0.0003576934104785323,0.0019112174632027745,54.37379837036133,0.7776809334754944,0.8242897375754511,0.12545557525008535

