slice_count,metric,n,mean,median,q25,q75,iqr,std,ci95_low,ci95_high
4,known_fraction_repeat_mean,19,0.07141896298057154,0.07132476568222046,0.0710483193397522,0.07204711437225342,0.0009987950325012207,0.0011854587476999173,0.07084759015383284,0.07199033580731025
4,known_fraction_repeat_std,19,0.0031502331253088806,0.003063839809579474,0.0024894475354944948,0.003387962540068615,0.0008985150045741201,0.0010478889479313067,0.002645166819585922,0.003655299431031839
4,mae_all_repeat_mean,19,0.008009690746180959,0.008475453709252179,0.003969396435422823,0.011142702482175082,0.007173306046752259,0.003892380994466817,0.006133623159799198,0.00988575833256272
4,mae_all_repeat_std,19,0.0012192968755517098,0.0011954318599052439,0.000555445076698517,0.0018185322662306953,0.0012630871895321783,0.0007086867976238723,0.00087772077295311,0.0015608729781503097
4,rmse_all_repeat_mean,19,0.04287043906209108,0.044762698002159595,0.029613377177156508,0.053541831905022264,0.023928454727865756,0.013733743286405531,0.036250986686812245,0.04948989143736991
4,rmse_all_repeat_std,19,0.005171030037340016,0.004921812490836969,0.003327738815588575,0.007301995722818184,0.003974256907229609,0.00218683173378149,0.0041170108808261585,0.006225049193853873
4,psnr_all_repeat_mean,19,27.87703097494025,27.03601098060608,25.487309455871582,30.619705319404602,5.13239586353302,2.992728538814979,26.434581992044752,29.31947995783575
4,psnr_all_repeat_std,19,1.0205551365906451,1.0173643822467804,0.8978970696896067,1.1569120525945362,0.2590149829049295,0.1962168046782994,0.925981664033963,1.1151286091473274
4,ssim_all_repeat_mean,19,0.8449718230649045,0.8407493233680725,0.8294493667781353,0.8664000667631626,0.03695069998502731,0.022280022121520093,0.8342331961459386,0.8557104499838704
4,ssim_all_repeat_std,19,0.00589374143651559,0.005626450596813212,0.004686965043786925,0.007349127172270051,0.002662162128483126,0.0018767054876236275,0.0049891983459187375,0.006798284527112443
4,mae_known_repeat_mean,19,4.703600374587085e-12,4.023680409584278e-12,3.4474740838214175e-12,5.636160656431353e-12,2.1886865726099356e-12,2.166364232976267e-12,3.6594462376819215e-12,5.747754511492248e-12
4,mae_known_repeat_std,19,4.676310302297341e-12,3.392627548346231e-12,2.7430076982808775e-12,5.257150309808242e-12,2.5141426115273644e-12,3.407037267217437e-12,3.0341709044050004e-12,6.318449700189682e-12
4,rmse_known_repeat_mean,19,1.0000000401078069e-06,1.0000000258969521e-06,1.0000000116860974e-06,1.0000000543186616e-06,4.263256414560601e-14,3.4485527982423596e-14,1.0000000234863144e-06,1.0000000567292993e-06
4,rmse_known_repeat_std,19,7.734762295499223e-14,5.262677972112621e-14,4.0194366942304644e-14,9.504528448652301e-14,5.4850917544218364e-14,5.4363299689294707e-14,5.1145351239858105e-14,1.0354989467012635e-13
4,psnr_known_repeat_mean,19,119.99999994980662,120.0,120.0,120.0,0.0,2.1878789317184628e-07,119.99999984435424,120.00000005525901
4,psnr_known_repeat_std,19,1.419683318261694e-07,0.0,0.0,0.0,0.0,6.188256116133215e-07,-1.56296065523672e-07,4.4023272917601076e-07
4,ssim_known_repeat_mean,19,0.8676290935591647,0.8658855333924294,0.8572414629161358,0.8806079179048538,0.023366454988718033,0.014444929305277255,0.8606668604952047,0.8745913266231248
4,ssim_known_repeat_std,19,0.011166156688029427,0.011290237242570304,0.0070525955088467035,0.012120740488940102,0.005068144980093398,0.005986247016017416,0.008280877984123105,0.014051435391935749
4,mae_missing_repeat_mean,19,0.008628185809357092,0.009110270242672414,0.004273105965694413,0.011999838694464415,0.007726732728770003,0.004198210138586889,0.006604713293943418,0.010651658324770765
4,mae_missing_repeat_std,19,0.001309683734733714,0.0013106984081913834,0.0005964681194420181,0.0019638182055004925,0.0013673500860584744,0.000764169580369372,0.0009413657868586468,0.0016780016826087813
4,rmse_missing_repeat_mean,19,0.04449252704599578,0.04641361255198717,0.03072320099454373,0.05557546275667846,0.02485226176213473,0.014267341112167873,0.037615888751224597,0.051369165340766965
4,rmse_missing_repeat_std,19,0.005357414096435637,0.00506712036953542,0.0034531465390135433,0.007576654078580381,0.004123507539566838,0.0022717273912235486,0.004262476542833205,0.006452351650038069
4,psnr_missing_repeat_mean,19,27.55520164339166,26.719382524490356,25.16290581226349,30.2998286485672,5.136922836303711,2.9958990410792596,26.111224527320342,28.999178759462975
4,psnr_missing_repeat_std,19,1.0189537164898195,1.000064792902278,0.9002911480544722,1.159604721968592,0.2593135739141199,0.19555487616914866,0.9246992832620944,1.1132081497175446
4,ssim_missing_repeat_mean,19,0.8432112638103334,0.839215062558651,0.8271880708634853,0.8653119206428528,0.03812384977936745,0.02296606095082144,0.83214197676008,0.8542805508605869
4,ssim_missing_repeat_std,19,0.005904518430740188,0.00575575165332372,0.004287249029031137,0.007154281958782185,0.002867032929751048,0.001834795076693482,0.005020175511603878,0.006788861349876499
8,known_fraction_repeat_mean,19,0.13625571602269224,0.13631212711334229,0.13473373651504517,0.13750651478767395,0.002772778272628784,0.0018715396227037687,0.13535366279928607,0.1371577692460984
8,known_fraction_repeat_std,19,0.0044847893985453914,0.0042748661973822984,0.0034068305528226275,0.005541986318759812,0.002135155765937185,0.0014003914422823886,0.0038098223290711775,0.005159756468019605
8,mae_all_repeat_mean,19,0.0045623809978439425,0.004885158792603761,0.0020845598628511652,0.006078742066165432,0.003994182203314267,0.002331599186822315,0.0034385861624849218,0.005686175833202963
8,mae_all_repeat_std,19,0.0005944069804414736,0.0004801641739251698,0.0003761941852002986,0.0007704696570842186,0.00039427547188392,0.00032012200851933297,0.0004401131112841935,0.0007487008495987537
8,rmse_all_repeat_mean,19,0.029724084165584492,0.031614601612091064,0.019766533747315407,0.03682829160243273,0.01706175785511732,0.009592614423564488,0.025100592011478785,0.0343475763196902
8,rmse_all_repeat_std,19,0.0035331857358439646,0.0034894799343740844,0.0025188227711006794,0.0040619487196483246,0.0015431259485476452,0.0014361155103099264,0.002841000216743305,0.004225371254944624
8,psnr_all_repeat_mean,19,31.083909473921125,30.00662589073181,28.725258469581604,34.159905672073364,5.43464720249176,3.092891500583892,29.593183488800566,32.57463545904169
8,psnr_all_repeat_std,19,1.060331941590175,1.0834798415848717,0.886772515712337,1.2790671343582456,0.39229461864590864,0.3287808494876355,0.9018646446776575,1.2187992385026927
8,ssim_all_repeat_mean,19,0.8691706096655444,0.865884393453598,0.8601924441754818,0.8855549804866314,0.025362536311149597,0.01624272575397232,0.8613418664503161,0.8769993528807727
8,ssim_all_repeat_std,19,0.003775723884832167,0.0035788097820624734,0.0032914421102474434,0.004264802350593511,0.0009733602403460672,0.0009502538031974407,0.003317716212523379,0.004233731557140955
8,mae_known_repeat_mean,19,1.919780316968798e-11,2.064212548721217e-11,1.6204388904924455e-11,2.2569067491609585e-11,6.36467858668513e-12,6.648966630230368e-12,1.5993103836390098e-11,2.2402502502985862e-11
8,mae_known_repeat_std,19,6.5007462715398005e-12,6.382250245723756e-12,4.912745910136034e-12,7.0766862598010834e-12,2.1639403496650496e-12,3.411081473415456e-12,4.856657628655376e-12,8.144834914424225e-12
8,rmse_known_repeat_mean,19,1.000000268229422e-06,1.000000281692337e-06,1.0000002319543455e-06,1.0000003243249012e-06,9.237055564881302e-14,1.0318225377545698e-13,1.0000002184971676e-06,1.0000003179616763e-06
8,rmse_known_repeat_std,19,1.0515092311839039e-13,1.0525355944225241e-13,7.285847737667333e-14,1.1913007886012977e-13,4.6271601483456445e-14,5.6818350031693886e-14,7.776535501555477e-14,1.32536491221226e-13
8,psnr_known_repeat_mean,19,119.99999969883969,120.0,120.0,120.0,0.0,7.145582668927719e-07,119.99999935443363,120.00000004324575
8,psnr_known_repeat_std,19,6.337253535568185e-07,0.0,0.0,0.0,0.0,1.2864391408534445e-06,1.368153527727074e-08,1.2537691718363663e-06
8,ssim_known_repeat_mean,19,0.8895041640651854,0.8892698660492897,0.8845755159854889,0.8959578908979893,0.011382374912500381,0.007346207775967286,0.8859634052569111,0.8930449228734597
8,ssim_known_repeat_std,19,0.0030352892366460457,0.0029202316698818576,0.0023264804348497783,0.0035152095354662118,0.0011887291006164335,0.0009734145666440514,0.002566118433687969,0.0035044600396041225
8,mae_missing_repeat_mean,19,0.005284646476196174,0.005660444556269795,0.0024091141822282225,0.007061184267513454,0.0046520700852852315,0.002707005473243922,0.003979911602675242,0.006589381349717106
8,mae_missing_repeat_std,19,0.0006862248463200597,0.0005602440266237308,0.0004336105203623694,0.0009050186035743919,0.0004714080832120225,0.00037285746670250784,0.000506513299938714,0.0008659363927014054
8,rmse_missing_repeat_mean,19,0.03198744404423786,0.0340300896205008,0.021237113163806498,0.039629600709304214,0.018392487545497715,0.01034318617416357,0.027002187886414515,0.036972700202061205
8,rmse_missing_repeat_std,19,0.0037933456333413165,0.003763718452835269,0.0026864803560456736,0.004373184229327426,0.0016867038732817528,0.001552991287122118,0.003044827793015618,0.0045418634736670155
8,psnr_missing_repeat_mean,19,30.447695719568355,29.367230892181396,28.088755011558533,33.535112380981445,5.446357369422913,3.0969225198483463,28.955026845354237,31.940364593782473
8,psnr_missing_repeat_std,19,1.0574442356150866,1.077688625007707,0.8982869015764501,1.2748746983448078,0.37658779676835774,0.3288959782215736,0.8989214484290553,1.215967022801118
8,ssim_missing_repeat_mean,19,0.8659475461432808,0.8628316596150398,0.8562805987894535,0.8839138224720955,0.027633223682641983,0.01771353955054821,0.8574098933703084,0.8744851989162533
8,ssim_missing_repeat_std,19,0.004323731046091704,0.0042912060165673045,0.0036545260691256028,0.004930563967586016,0.0012760378984604135,0.0011811350021258213,0.0037544421980115223,0.004893019894171886
16,known_fraction_repeat_mean,19,0.2503537410183957,0.2500280737876892,0.24806880950927734,0.2526369094848633,0.0045680999755859375,0.0030612833967667385,0.24887824965165464,0.25182923238513677
16,known_fraction_repeat_std,19,0.005494669182491307,0.005497300344805955,0.004487678701745011,0.00626025844141681,0.0017725797396717985,0.0015342496796605931,0.004755184507810297,0.006234153857172318
16,mae_all_repeat_mean,19,0.0023709089404483643,0.002426783787086606,0.0011597380762395915,0.0031545163656119257,0.0019947782893723343,0.0012269209340064681,0.0017795519796023275,0.002962265901294401
16,mae_all_repeat_std,19,0.00031478197953109895,0.0002622654827185381,0.00021565923356312223,0.0004327654800477638,0.00021710624648464157,0.00014318039607721643,0.0002457712376567508,0.0003837927214054471
16,rmse_all_repeat_mean,19,0.018558492853404267,0.018917833222076297,0.013675898953806609,0.02363243338186294,0.00995653442805633,0.005498036635319166,0.015908524020722035,0.021208461686086498
16,rmse_all_repeat_std,19,0.0024487603495650253,0.0022387961789884195,0.001840064444482563,0.002967566204704189,0.001127501760221626,0.0008711972016196108,0.002028856739505154,0.0028686639596248965
16,psnr_all_repeat_mean,19,35.10916802757665,34.49656105041504,32.629509925842285,37.38267970085144,4.753169775009155,2.8214005467214416,33.74929649356487,36.46903956158843
16,psnr_all_repeat_std,19,1.1718574597806108,1.0635860539185336,0.8816901261684004,1.4960725552409424,0.614382429072542,0.402048983014492,0.9780760529133314,1.3656388666478902
16,ssim_all_repeat_mean,19,0.8890724511522996,0.8896885439753532,0.8843278102576733,0.8962638713419437,0.011936061084270477,0.007854014613581404,0.8852869372829084,0.8928579650216908
16,ssim_all_repeat_std,19,0.002741229275401161,0.0026824894139299248,0.001940180036344386,0.0035288814311259043,0.0015887013947815183,0.0011257936956826657,0.0021986140832024603,0.0032838444675998618
16,mae_known_repeat_mean,19,5.579208783507643e-11,6.187235879889785e-11,4.8895450622393755e-11,6.595749510798776e-11,1.7062044485594008e-11,1.7376024024290244e-11,4.74171123384583e-11,6.416706333169455e-11
16,mae_known_repeat_std,19,8.344606937343399e-12,7.953085682848048e-12,6.708808923537068e-12,9.422952560464888e-12,2.7141436369278197e-12,2.9681149183320684e-12,6.9140213397735225e-12,9.775192534913275e-12
16,rmse_known_repeat_mean,19,1.0000008561100434e-06,1.000000935391654e-06,1.0000007222288332e-06,1.000001034867637e-06,3.126388037344441e-13,2.7674971327362086e-13,1.0000007227209515e-06,1.0000009894991354e-06
16,rmse_known_repeat_std,19,1.2081662103231594e-13,1.1767705689334563e-13,9.782344368569503e-14,1.3416145943414386e-13,3.633801574844883e-14,4.755313097485175e-14,9.78967455679907e-14,1.4373649649664118e-13
16,psnr_known_repeat_mean,19,119.99999382621364,119.99999237060547,119.99999237060547,119.99999380111694,1.430511474609375e-06,2.685541551453882e-06,119.99999253182405,119.99999512060323
16,psnr_known_repeat_std,19,6.234610742349311e-07,0.0,0.0,0.0,0.0,1.4792761503781916e-06,-8.952720748189257e-08,1.3364493559517548e-06
16,ssim_known_repeat_mean,19,0.9019957498500222,0.9034100845456123,0.9004292488098145,0.9037890173494816,0.0033597685396671295,0.0032055980807772057,0.9004507010321231,0.9035407986679213
16,ssim_known_repeat_std,19,0.000840583302704691,0.0007692248978305763,0.0006705508795387376,0.0009752395909951414,0.0003046887114564038,0.0002597607278373657,0.0007153826395621634,0.0009657839658472185
16,mae_missing_repeat_mean,19,0.0031660271411773897,0.0032293625408783555,0.0015441272189491428,0.004208908896544017,0.002664781677594874,0.0016453698312300163,0.002372984267838651,0.003959070014516129
16,mae_missing_repeat_std,19,0.00042193761452555923,0.00035081631849633174,0.00028940028434678146,0.0005769543787822817,0.0002875540944355002,0.00019048086259580965,0.000330128777556611,0.0005137464514945074
16,rmse_missing_repeat_mean,19,0.021440347148056486,0.02182264276780188,0.01578052109107375,0.02733525086659938,0.01155472977552563,0.006369235998922853,0.018370473663271415,0.024510220632841556
16,rmse_missing_repeat_std,19,0.0028359038458501836,0.002621336215231327,0.002144116926206103,0.0034625751166931836,0.0013184581904870808,0.0010031473336890794,0.0023524023079034427,0.0033194053837969245
16,psnr_missing_repeat_mean,19,33.85758812803971,33.256303548812866,31.36490774154663,36.140442848205566,4.7755351066589355,2.8273009855036806,32.49487267356883,35.22030358251059
16,psnr_missing_repeat_std,19,1.1747139414327663,1.0493519955681463,0.8753941070581859,1.5016795279742534,0.6262854209160675,0.40309825652796205,0.9804268009205358,1.3690010819449967
16,ssim_missing_repeat_mean,19,0.8847443665328779,0.8850290551781654,0.8789496086537838,0.8937615305185318,0.014811921864748001,0.009537929176208803,0.8801472318242954,0.8893415012414604
16,ssim_missing_repeat_std,19,0.0035108693611960533,0.0031317213506932957,0.002490319006733708,0.004482800409096588,0.0019924814023628795,0.0014896699483072718,0.0027928714292363914,0.004228867293155716
32,known_fraction_repeat_mean,19,0.4283302865530315,0.42953038215637207,0.4259946644306183,0.43055009841918945,0.004555433988571167,0.003456659341959451,0.4266642300806994,0.4299963430253636
32,known_fraction_repeat_std,19,0.007488253592876825,0.007411534292472538,0.005671058514303565,0.007911578669017146,0.0022405201547135815,0.0026594692707185607,0.006206430435568741,0.008770076750184909
32,mae_all_repeat_mean,19,0.0011156145133817948,0.0011604253450059332,0.000476037714179256,0.0014461073296843097,0.0009700696155050537,0.0006287153466253828,0.0008125834163382676,0.001418645610425322
32,mae_all_repeat_std,19,0.0001402340441464764,0.00013632290731181997,8.92705655886814e-05,0.00019515106578136445,0.00010588050019268305,6.678393643233288e-05,0.00010804521715092112,0.00017242287114203165
32,rmse_all_repeat_mean,19,0.010893562241874048,0.011036886950023472,0.007559683377621695,0.013647753745317459,0.006088070367695764,0.003504003552540776,0.009204686590484025,0.01258243789326407
32,rmse_all_repeat_std,19,0.0013571286906971986,0.0011858494014657026,0.0009428936584836246,0.0017810956543868094,0.0008382019959031848,0.0006232120351338357,0.0010567501048856735,0.0016575072765087238
32,psnr_all_repeat_mean,19,39.79499327509027,39.21682262420654,37.3629686832428,42.47424268722534,5.111274003982544,3.006143814753346,38.34607833616783,41.24390821401271
32,psnr_all_repeat_std,19,1.1033191528569413,0.9911640620384883,0.7474329794402944,1.3493556372291358,0.6019226577888414,0.5391460066295497,0.8434590957857764,1.3631792099281062
32,ssim_all_repeat_mean,19,0.901642949173325,0.9022157341241837,0.9013280980288982,0.9029040075838566,0.0015759095549583435,0.0020039420056842477,0.9006770800440703,0.9026088183025797
32,ssim_all_repeat_std,19,0.0014286955800869947,0.0013953314360902144,0.0008828088794935168,0.0019563687978222774,0.0010735599183287607,0.0006676892636807187,0.0011068796563253774,0.001750511503848612
32,mae_known_repeat_mean,19,1.3396544723095526e-10,1.539709436337855e-10,1.0612770948506545e-10,1.686940699976991e-10,6.256636051263365e-11,4.685065064635488e-11,1.1138415644686486e-10,1.5654673801504565e-10
32,mae_known_repeat_std,19,9.93655454422599e-12,9.970487336682795e-12,8.056119618646307e-12,1.2320179482400792e-11,4.264059863754485e-12,3.323099238354526e-12,8.334871981221688e-12,1.1538237107230292e-11
32,rmse_known_repeat_mean,19,1.0000021470540032e-06,1.0000024133205443e-06,1.0000017240940906e-06,1.0000026762213565e-06,9.521272659185342e-13,7.431859178195605e-13,1.000001788849857e-06,1.0000025052581494e-06
32,rmse_known_repeat_std,19,1.5935927550257508e-13,1.6077746776921858e-13,1.1146530816779902e-13,1.9540307106248832e-13,8.39377628946893e-14,6.379210111920801e-14,1.2861246696891367e-13,1.901060840362365e-13
32,psnr_known_repeat_mean,19,119.99998378753662,119.99998474121094,119.99997901916504,119.99998807907104,9.059906005859375e-06,7.609500378663268e-06,119.99998011987483,119.99998745519841
32,psnr_known_repeat_std,19,3.268157851339706e-06,2.6973983046972182e-06,0.0,6.229121707760234e-06,6.229121707760234e-06,3.3963676255262743e-06,1.6311610561277174e-06,4.905154646551695e-06
32,ssim_known_repeat_mean,19,0.909185603260994,0.9097028523683548,0.908188134431839,0.9106396324932575,0.0024514980614185333,0.00199582885374498,0.9082236445458016,0.9101475619761863
32,ssim_known_repeat_std,19,0.0007557842173053151,0.0007604912441991986,0.000567692366623729,0.000940839532958143,0.000373147166334414,0.00025368037008482406,0.0006335141927897268,0.0008780542418209034
32,mae_missing_repeat_mean,19,0.0019511959282298402,0.00203661629348062,0.0008284540199383628,0.0025468158128205687,0.001718361792882206,0.0010993369211755356,0.0014213324931596416,0.002481059363300039
32,mae_missing_repeat_std,19,0.0002351331802116092,0.00023221085231615683,0.00014318556802449272,0.00031975297830490125,0.00017656741028040853,0.00010860459832970543,0.0001827874394046302,0.0002874789210185882
32,rmse_missing_repeat_mean,19,0.014406510242751162,0.014544003992341459,0.009945623751264066,0.018036655092146248,0.008091031340882182,0.004634358171985705,0.012172821104276478,0.016640199381225844
32,rmse_missing_repeat_std,19,0.0017687750878615954,0.0015782558668479831,0.0012219787484226477,0.002339346292367866,0.0011173675439452183,0.0008072174140389468,0.001379708748314118,0.0021578414274090727
32,psnr_missing_repeat_mean,19,37.36600805583753,36.773529052734375,34.93792676925659,40.0909640789032,5.1530373096466064,3.0073297673429233,35.916521506064186,38.81549460561088
32,psnr_missing_repeat_std,19,1.090825676006659,0.9785861153315804,0.7315660969672375,1.329382635179377,0.5978165382121394,0.5402485714739317,0.8304341996912399,1.3512171523220782
32,ssim_missing_repeat_mean,19,0.8959979277692343,0.8958518877625465,0.8942852765321732,0.8993518278002739,0.0050665512681007385,0.0038283882463235027,0.8941527037001561,0.8978431518383124
32,ssim_missing_repeat_std,19,0.0019820969969150206,0.0019525699399256932,0.0011204846298706462,0.0029676724874661783,0.001847187857595532,0.001028225210865598,0.001486508309079045,0.0024776856847509962
64,known_fraction_repeat_mean,19,0.6594273855811671,0.6587923765182495,0.656976729631424,0.6613519787788391,0.004375249147415161,0.0038555003202849995,0.6575690939107336,0.6612856772516006
64,known_fraction_repeat_std,19,0.007189275866831452,0.006953472412146293,0.005491332912152489,0.0078242400323581,0.0023329071202056115,0.0018577162993227555,0.006293885272024094,0.008084666461638811
64,mae_all_repeat_mean,19,0.00038133294147931,0.00035047551136813127,0.00017349650534015382,0.000526710167832789,0.0003532136624926352,0.00022038098157960183,0.0002751127084691748,0.0004875531744894452
64,mae_all_repeat_std,19,5.189744455019028e-05,4.9678828586215354e-05,3.6879093495937355e-05,6.0440686953507707e-05,2.356159345757035e-05,2.431082436070061e-05,4.018000228383319e-05,6.361488681654737e-05
64,rmse_all_repeat_mean,19,0.0057540633202542695,0.005701502552255988,0.00425744045060128,0.007203985325759277,0.002946544875157997,0.0018840289007821841,0.004845990457503052,0.006662136183005487
64,rmse_all_repeat_std,19,0.0006863557453024597,0.0006552601693332917,0.0004899529425134581,0.0008397032057244507,0.0003497502632109926,0.0002665968223724272,0.0005578601900635774,0.0008148513005413419
64,psnr_all_repeat_mean,19,45.39767556441458,45.04649829864502,42.908414363861084,47.5877103805542,4.679296016693115,3.261937355494267,43.82547208532301,46.96987904350615
64,psnr_all_repeat_std,19,1.1358354159465522,0.9599496972376153,0.7585239869238398,1.3434906529341246,0.5849666660102848,0.6373447420847992,0.8286450834287757,1.4430257484643287
64,ssim_all_repeat_mean,19,0.9083756341745979,0.9093552827835083,0.9062894247472286,0.9102957248687744,0.004006300121545792,0.002530611199872864,0.9071559186193722,0.9095953497298236
64,ssim_all_repeat_std,19,0.0004973960148379796,0.0004605454784215798,0.0003505636294919654,0.0005598389500693171,0.00020927532057735164,0.0002649554739525659,0.00036969156421419995,0.0006251004654617592
64,mae_known_repeat_mean,19,2.982903423077633e-10,3.3509729019387535e-10,2.2500579611312022e-10,3.71331574863798e-10,1.4632577875067776e-10,1.0763714307607434e-10,2.464109000068124e-10,3.501697846087142e-10
64,mae_known_repeat_std,19,1.4437989876668809e-11,1.4638202417320135e-11,1.0372803166033814e-11,1.782444162723164e-11,7.451638461197827e-12,4.544230410297845e-12,1.2247740928806529e-11,1.6628238824531088e-11
64,rmse_known_repeat_mean,19,1.0000054492078754e-06,1.00000586655824e-06,1.0000042323099478e-06,1.0000066268389673e-06,2.3945290195115376e-12,1.8953857399619702e-12,1.0000045356611914e-06,1.0000063627545593e-06
64,rmse_known_repeat_std,19,2.6933693823087444e-13,2.648823158373114e-13,2.009193016239639e-13,3.46256259555512e-13,1.4533695793154812e-13,9.094751179677783e-14,2.2550164071335074e-13,3.1317223574839815e-13
64,psnr_known_repeat_mean,19,119.99995171396355,119.99995231628418,119.99993801116943,119.99996423721313,2.6226043701171875e-05,1.840262124508317e-05,119.99994284418403,119.99996058374307
64,psnr_known_repeat_std,19,2.109027908091715e-06,2.6973983046972182e-06,0.0,3.740155103275457e-06,3.740155103275457e-06,2.313577583325457e-06,9.939192075748747e-07,3.2241366086085555e-06
64,ssim_known_repeat_mean,19,0.9121414340640369,0.9137609302997589,0.9086411595344543,0.9148353859782219,0.006194226443767548,0.003808609403581502,0.9103057430920058,0.913977125036068
64,ssim_known_repeat_std,19,0.0004174530213641725,0.0003798747037243431,0.0002904927718294461,0.000508707012619339,0.0002182142407898929,0.00016053296323393745,0.0003400786098414742,0.0004948274328868708
64,mae_missing_repeat_mean,19,0.001121369522527522,0.0010244757795589976,0.0005076052493677707,0.0015356509320554323,0.0010280456826876616,0.0006523998730622005,0.0008069228491542163,0.0014358161959008276
64,mae_missing_repeat_std,19,0.00014818236458150074,0.00014088979988956824,0.00010692542995299676,0.0001688921691766879,6.196673922369114e-05,6.680847840623749e-05,0.0001159817087331652,0.0001803830204298363
64,rmse_missing_repeat_mean,19,0.00986337391383897,0.009714599116705358,0.0072526930016465485,0.012379556486848742,0.005126863485202193,0.0032437505612386178,0.008299936188986699,0.01142681163869124
64,rmse_missing_repeat_std,19,0.0011597537005713463,0.0010765733775850198,0.0008341425713752291,0.0014230807213877262,0.0005889381500124971,0.00044374660947727216,0.000945874681073885,0.0013736327200688076
64,psnr_missing_repeat_mean,19,40.71861410140991,40.35700798034668,38.18666672706604,42.960041761398315,4.773375034332275,3.2708505729490436,39.142114589021226,42.2951136137986
64,psnr_missing_repeat_std,19,1.1235728162954943,0.9588805588435266,0.7495518000224584,1.3472386649194905,0.5976868648970322,0.641671184144872,0.8142972054545526,1.432848427136436
64,ssim_missing_repeat_mean,19,0.901077993998402,0.9010015726089478,0.9005586318671703,0.9015517085790634,0.0009930767118930817,0.0006335466648402447,0.9007726342805181,0.901383353716286
64,ssim_missing_repeat_std,19,0.0008214781040575732,0.0007824592546691836,0.0005762617308568321,0.0009544358119082132,0.0003781740810513811,0.00045254720529105827,0.0006033573331563922,0.001039598874958754
128,known_fraction_repeat_mean,19,0.8713484218246058,0.8718538284301758,0.8691271245479584,0.8734264671802521,0.004299342632293701,0.0027341128519824506,0.8700306216127546,0.872666222036457
128,known_fraction_repeat_std,19,0.005243604941100753,0.005006968676699772,0.004406810384173831,0.00579938527771115,0.0013925748935373185,0.0012530409903680289,0.004639658516077378,0.005847551366124127
128,mae_all_repeat_mean,19,7.652072111634305e-05,6.9428623191925e-05,4.179921336344705e-05,9.933366027325974e-05,5.7534446909812686e-05,4.493115537436765e-05,5.486459743873772e-05,9.817684479394838e-05
128,mae_all_repeat_std,19,1.860840224139213e-05,1.8070740984299518e-05,1.3256366881696769e-05,2.3616109609505048e-05,1.035974272780828e-05,8.357455664946574e-06,1.4580237552499272e-05,2.263656693028499e-05
128,rmse_all_repeat_mean,19,0.0025118635425506477,0.00246307480847463,0.001950968369783368,0.0030906073516234756,0.0011396389818401076,0.0008806674230654599,0.00208739543186361,0.0029363316532376852
128,rmse_all_repeat_std,19,0.000435098809689351,0.00041013452042730893,0.00032885110606990895,0.0004993622146705406,0.00017051110860063167,0.00015997385638322613,0.00035799387904260875,0.0005122037403360932
128,psnr_all_repeat_mean,19,52.773008923781546,52.262189865112305,50.34655833244324,54.68958067893982,4.343022346496582,3.606536004481239,51.03471421246106,54.51130363510203
128,psnr_all_repeat_std,19,1.6938889299356041,1.3412243238467314,1.1616118559548414,1.8852660075458434,0.723654151591002,0.9113455231462931,1.2546344483215572,2.133143411549651
128,ssim_all_repeat_mean,19,0.9107386673751631,0.9121819213032722,0.9067941717803478,0.913113109767437,0.006318937987089157,0.0038348121172302597,0.9088903470994175,0.9125869876509086
128,ssim_all_repeat_std,19,0.00015671010265096792,0.00015933299937218116,0.00010911226355693495,0.00019441477353159152,8.530250997465657e-05,7.318345940900673e-05,0.00012143680431462919,0.00019198340098730665
128,mae_known_repeat_mean,19,4.3628602713385283e-10,5.095459193471541e-10,2.906769304422685e-10,5.459538515717455e-10,2.55276921129477e-10,1.8072851456886267e-10,3.491776714514174e-10,5.233943828162882e-10
128,mae_known_repeat_std,19,1.1681055023031597e-11,1.1042538769423068e-11,9.961941824634234e-12,1.2821620092938277e-11,2.8596782683040436e-12,4.418553154747115e-12,9.551380573354185e-12,1.3810729472709009e-11
128,rmse_known_repeat_mean,19,1.0000073063422047e-06,1.0000081260841398e-06,1.0000049996961025e-06,1.0000092061090982e-06,4.206412995699793e-12,2.9835314567202883e-12,1.0000058683260734e-06,1.000008744358336e-06
128,rmse_known_repeat_std,19,2.046375811920782e-13,2.0830279511594752e-13,1.6352588363273054e-13,2.4637353064395137e-13,8.284764701122083e-14,7.784405418425081e-14,1.671179480792813e-13,2.421572143048751e-13
128,psnr_known_repeat_mean,19,119.99993700730174,119.9999303817749,119.99992084503174,119.99995708465576,3.62396240234375e-05,2.6627983694933192e-05,119.99992417302443,119.99994984157905
128,psnr_known_repeat_std,19,2.010939934205007e-06,2.6973983046972182e-06,0.0,3.740155103275457e-06,3.740155103275457e-06,1.8780653571262669e-06,1.105741407488402e-06,2.9161384609216117e-06
128,ssim_known_repeat_mean,19,0.9120724742349825,0.9136377945542336,0.907681792974472,0.9147588238120079,0.007077030837535858,0.004290898399997507,0.9100043274075943,0.9141406210623707
128,ssim_known_repeat_std,19,0.00018355863504590907,0.00017869820408235746,0.00013294811271638492,0.00024492954066613075,0.00011198142794974583,6.837065265256109e-05,0.00015060503531259047,0.00021651223477922767
128,mae_missing_repeat_mean,19,0.0006000871491934097,0.0005389672733144835,0.00032288612419506535,0.0007710446407145355,0.00044815851651947014,0.0003586747209855006,0.00042721146743153373,0.0007729628309552857
128,mae_missing_repeat_std,19,0.00014702121281555842,0.0001396456466602848,0.00010698573950411802,0.00018623305191811998,7.924731241400196e-05,6.426462824748646e-05,0.00011604665349637281,0.00017799577213474402
128,rmse_missing_repeat_mean,19,0.0070214913755894245,0.006936592923011631,0.005366763798519969,0.008650009345728904,0.003283245547208935,0.0024967004898082982,0.005818120259429087,0.008224862491749762
128,rmse_missing_repeat_std,19,0.00122540793568091,0.0011727259333382545,0.0009365749908413889,0.0014132203990253555,0.0004766454081839666,0.0004374719054905954,0.0010145532266968025,0.0014362626446650173
128,psnr_missing_repeat_mean,19,43.862960388785915,43.262391567230225,41.40787386894226,45.89982724189758,4.491953372955322,3.652317863678791,42.102599527669994,45.623321249901835
128,psnr_missing_repeat_std,19,1.7117364807045394,1.349275968419664,1.0934074879082325,1.954791023226705,0.8613835353184724,0.9325645337857404,1.262254763336247,2.1612181980728318
128,ssim_missing_repeat_mean,19,0.9016666130015725,0.9019046351313591,0.9012283571064472,0.9020655937492847,0.0008372366428375244,0.0006605706394384836,0.9013482281448671,0.9019849978582778
128,ssim_missing_repeat_std,19,0.0003720528595648487,0.000361618338397735,0.0002235268062946513,0.00042124893064697126,0.00019772212435231995,0.0001808117560211963,0.00028490438278666537,0.00045920133634303205
