metric,n,mean,median,q25,q75,iqr,std,ci95_low,ci95_high,label,model,weight_path,eval_seed
mae_all,19,0.006892011580547612,0.007172363810241222,0.0035170677583664656,0.00943209370598197,0.005915025947615504,0.0038945673792797845,0.005014890190418273,0.00876913297067695,thesis_ablation_best_unet,baseline,runs\ablation_final_128\standard_unet3d_no_partialconv\train\best_model.pt,1337
mae_known,19,9.988109140937763e-10,1.1129025478950894e-09,7.016958680772234e-10,1.2956060668756209e-09,5.939101987983975e-10,4.1473435888455533e-10,7.989153517713332e-10,1.1987064764162194e-09,thesis_ablation_best_unet,baseline,runs\ablation_final_128\standard_unet3d_no_partialconv\train\best_model.pt,1337
mae_missing,19,0.009486837888528643,0.009603210724890232,0.004786445992067456,0.012938867323100567,0.00815242133103311,0.005400812006456311,0.0068837298269443315,0.012089945950112955,thesis_ablation_best_unet,baseline,runs\ablation_final_128\standard_unet3d_no_partialconv\train\best_model.pt,1337
psnr_all,19,27.747469249524567,26.514284133911133,25.129185676574707,30.256882667541504,5.127696990966797,3.722452298902933,25.95330467268805,29.541633826361085,thesis_ablation_best_unet,baseline,runs\ablation_final_128\standard_unet3d_no_partialconv\train\best_model.pt,1337
psnr_known,19,119.99981287906044,119.99980926513672,119.999755859375,119.99986267089844,0.0001068115234375,8.34739451908394e-05,119.99977264590673,119.99985311221415,thesis_ablation_best_unet,baseline,runs\ablation_final_128\standard_unet3d_no_partialconv\train\best_model.pt,1337
psnr_missing,19,26.387711273996455,25.246742248535156,23.754347801208496,28.908782958984375,5.154435157775879,3.785813961063933,24.563007353563176,28.212415194429735,thesis_ablation_best_unet,baseline,runs\ablation_final_128\standard_unet3d_no_partialconv\train\best_model.pt,1337
rmse_all,19,0.044343808567837664,0.04723738506436348,0.0309105534106493,0.055442918092012405,0.024532364681363106,0.01657386827198646,0.036355459767903664,0.052332157367771664,thesis_ablation_best_unet,baseline,runs\ablation_final_128\standard_unet3d_no_partialconv\train\best_model.pt,1337
rmse_known,19,1.0000219450184408e-06,1.0000225074691116e-06,1.0000160841627803e-06,1.0000292149925372e-06,1.3130829756846651e-11,9.632754158382773e-12,1.0000173021795539e-06,1.0000265878573277e-06,thesis_ablation_best_unet,baseline,runs\ablation_final_128\standard_unet3d_no_partialconv\train\best_model.pt,1337
rmse_missing,19,0.0519788143666167,0.0546591579914093,0.03606145456433296,0.06497335247695446,0.028911897912621498,0.019627315894637697,0.04251875092217239,0.06143887781106101,thesis_ablation_best_unet,baseline,runs\ablation_final_128\standard_unet3d_no_partialconv\train\best_model.pt,1337
ssim_all,19,0.8665561926992316,0.8664045333862305,0.8533098697662354,0.8786943554878235,0.025384485721588135,0.01644783774872436,0.858628588667069,0.8744837967313941,thesis_ablation_best_unet,baseline,runs\ablation_final_128\standard_unet3d_no_partialconv\train\best_model.pt,1337
ssim_known,19,0.908932532134809,0.90901118516922,0.906592845916748,0.9113405644893646,0.004747718572616577,0.0026441252587959727,0.907658104554515,0.9102069597151029,thesis_ablation_best_unet,baseline,runs\ablation_final_128\standard_unet3d_no_partialconv\train\best_model.pt,1337
ssim_missing,19,0.8506846584771809,0.8496233820915222,0.8310232162475586,0.8689089715480804,0.03788575530052185,0.023307395902719328,0.839450853246342,0.8619184637080197,thesis_ablation_best_unet,baseline,runs\ablation_final_128\standard_unet3d_no_partialconv\train\best_model.pt,1337
mae_all,19,0.007185848834189146,0.007029754109680653,0.0031314099906012416,0.010246443562209606,0.007115033571608365,0.004265951920536689,0.005129725825018458,0.009241971843359833,thesis_ablation_best_unet,baseline,runs\ablation_final_128\standard_unet3d_no_partialconv\train\best_model.pt,1338
mae_known,19,1.0200543195203411e-09,1.2210519262367825e-09,6.485600667627267e-10,1.3108123475547018e-09,6.622522807919751e-10,4.521491428828274e-10,8.021254085584881e-10,1.2379832304821942e-09,thesis_ablation_best_unet,baseline,runs\ablation_final_128\standard_unet3d_no_partialconv\train\best_model.pt,1338
mae_missing,19,0.009801373192060151,0.009424000047147274,0.004311336670070887,0.013708752579987049,0.009397415909916162,0.005778138025456047,0.007016399810829544,0.012586346573290759,thesis_ablation_best_unet,baseline,runs\ablation_final_128\standard_unet3d_no_partialconv\train\best_model.pt,1338
psnr_all,19,27.60224763970626,26.675277709960938,24.769010543823242,30.858198165893555,6.0891876220703125,3.8414355509567955,25.750734971093046,29.453760308319474,thesis_ablation_best_unet,baseline,runs\ablation_final_128\standard_unet3d_no_partialconv\train\best_model.pt,1338
psnr_known,19,119.9998076589484,119.9997787475586,119.9997444152832,119.99987411499023,0.00012969970703125,9.370254059859557e-05,119.9997624957695,119.9998528221273,thesis_ablation_best_unet,baseline,runs\ablation_final_128\standard_unet3d_no_partialconv\train\best_model.pt,1338
psnr_missing,19,26.238812195627315,25.07676124572754,23.50462532043457,29.46980094909668,5.965175628662109,3.8132835401493477,24.400868361884687,28.076756029369943,thesis_ablation_best_unet,baseline,runs\ablation_final_128\standard_unet3d_no_partialconv\train\best_model.pt,1338
rmse_all,19,0.04535503185501224,0.046369895339012146,0.028769911266863346,0.05774981901049614,0.028979907743632793,0.017684922618817638,0.03683117200162237,0.053878891708402106,thesis_ablation_best_unet,baseline,runs\ablation_final_128\standard_unet3d_no_partialconv\train\best_model.pt,1338
rmse_known,19,1.0000226630405738e-06,1.0000259180742432e-06,1.0000147199207277e-06,1.000030465547752e-06,1.574562702444382e-11,1.0851335080876087e-11,1.000017432864483e-06,1.0000278932166647e-06,thesis_ablation_best_unet,baseline,runs\ablation_final_128\standard_unet3d_no_partialconv\train\best_model.pt,1338
rmse_missing,19,0.05300100765338069,0.05573936551809311,0.03375815972685814,0.06680073589086533,0.03304257616400719,0.02053263874655612,0.043104592561934385,0.062897422744827,thesis_ablation_best_unet,baseline,runs\ablation_final_128\standard_unet3d_no_partialconv\train\best_model.pt,1338
ssim_all,19,0.8656057715415955,0.8651015758514404,0.8515390753746033,0.8811008036136627,0.029561728239059448,0.01780466930472619,0.8570241956330894,0.8741873474501015,thesis_ablation_best_unet,baseline,runs\ablation_final_128\standard_unet3d_no_partialconv\train\best_model.pt,1338
ssim_known,19,0.9089814706852561,0.9089839458465576,0.9064554870128632,0.9115362167358398,0.005080729722976685,0.002923693843156362,0.9075722953605778,0.9103906460099345,thesis_ablation_best_unet,baseline,runs\ablation_final_128\standard_unet3d_no_partialconv\train\best_model.pt,1338
ssim_missing,19,0.8497609998050489,0.8464438915252686,0.8315424025058746,0.87180295586586,0.04026055335998535,0.024395061944391297,0.8380029563229985,0.8615190432870994,thesis_ablation_best_unet,baseline,runs\ablation_final_128\standard_unet3d_no_partialconv\train\best_model.pt,1338
mae_all,19,0.0073158709442635115,0.008679306134581566,0.003338764072395861,0.009612237568944693,0.0062734734965488315,0.004109877660406374,0.0053349733205099335,0.009296768568017089,thesis_ablation_best_unet,baseline,runs\ablation_final_128\standard_unet3d_no_partialconv\train\best_model.pt,1339
mae_known,19,1.0213101461034163e-09,1.1775996844320957e-09,6.851455236489556e-10,1.2760227319219553e-09,5.908772082729996e-10,4.430940291186032e-10,8.077456602706063e-10,1.2348746319362264e-09,thesis_ablation_best_unet,baseline,runs\ablation_final_128\standard_unet3d_no_partialconv\train\best_model.pt,1339
mae_missing,19,0.010016916252329554,0.012125245295464993,0.004506348865106702,0.013060889206826687,0.008554540341719985,0.00559489256121966,0.007320264357688791,0.012713568146970316,thesis_ablation_best_unet,baseline,runs\ablation_final_128\standard_unet3d_no_partialconv\train\best_model.pt,1339
psnr_all,19,27.467615127563477,25.521533966064453,25.023460388183594,30.151984214782715,5.128523826599121,3.844266540996025,25.614737965428812,29.32049228969814,thesis_ablation_best_unet,baseline,runs\ablation_final_128\standard_unet3d_no_partialconv\train\best_model.pt,1339
psnr_known,19,119.999805651213,119.99978637695312,119.99974822998047,119.99987411499023,0.000125885009765625,9.526967174482463e-05,119.99975973270107,119.99985156972492,thesis_ablation_best_unet,baseline,runs\ablation_final_128\standard_unet3d_no_partialconv\train\best_model.pt,1339
psnr_missing,19,26.109540337010433,24.060266494750977,23.71018409729004,28.847721099853516,5.137537002563477,3.868873044832084,24.24480321966413,27.974277454356734,thesis_ablation_best_unet,baseline,runs\ablation_final_128\standard_unet3d_no_partialconv\train\best_model.pt,1339
rmse_all,19,0.04590397450680796,0.052956994622945786,0.031083816662430763,0.056082481518387794,0.02499866485595703,0.01687134178997853,0.03777224806072236,0.054035700952893555,thesis_ablation_best_unet,baseline,runs\ablation_final_128\standard_unet3d_no_partialconv\train\best_model.pt,1339
rmse_known,19,1.0000228604966604e-06,1.0000248948927037e-06,1.0000152883549163e-06,1.0000294423662126e-06,1.4154011296341196e-11,1.092793400139929e-11,1.0000175934010715e-06,1.0000281275922493e-06,thesis_ablation_best_unet,baseline,runs\ablation_final_128\standard_unet3d_no_partialconv\train\best_model.pt,1339
rmse_missing,19,0.05371453181693429,0.06265946477651596,0.036115970462560654,0.06523701176047325,0.029121041297912598,0.019754547177801098,0.04419314485697186,0.06323591877689672,thesis_ablation_best_unet,baseline,runs\ablation_final_128\standard_unet3d_no_partialconv\train\best_model.pt,1339
ssim_all,19,0.8648942583485654,0.8607339262962341,0.8533441424369812,0.8806359767913818,0.027291834354400635,0.017466674138850544,0.8564755908953093,0.8733129258018214,thesis_ablation_best_unet,baseline,runs\ablation_final_128\standard_unet3d_no_partialconv\train\best_model.pt,1339
ssim_known,19,0.9088909375040155,0.9094476103782654,0.9070630073547363,0.9113180339336395,0.004255026578903198,0.0026602233133614173,0.9076087509097872,0.9101731240982438,thesis_ablation_best_unet,baseline,runs\ablation_final_128\standard_unet3d_no_partialconv\train\best_model.pt,1339
ssim_missing,19,0.8486829588287755,0.8410314321517944,0.8329562246799469,0.87187260389328,0.03891637921333313,0.024353356201263186,0.8369450168714627,0.8604209007860883,thesis_ablation_best_unet,baseline,runs\ablation_final_128\standard_unet3d_no_partialconv\train\best_model.pt,1339
mae_all,19,0.007079506115252643,0.007967494428157806,0.002979630371555686,0.00969531387090683,0.006715683499351144,0.004133710303828636,0.0050871215250675,0.009071890705437785,thesis_ablation_best_unet,baseline,runs\ablation_final_128\standard_unet3d_no_partialconv\train\best_model.pt,1340
mae_known,19,1.0102593425563212e-09,1.1618987993955443e-09,6.946602459922957e-10,1.283879669244925e-09,5.892194232526293e-10,4.3479902707541956e-10,8.006929197302695e-10,1.2198257653823729e-09,thesis_ablation_best_unet,baseline,runs\ablation_final_128\standard_unet3d_no_partialconv\train\best_model.pt,1340
mae_missing,19,0.009696466400974282,0.010702907107770443,0.004026222275570035,0.01344202971085906,0.009415807435289025,0.005660527912340008,0.0069681792797375835,0.012424753522210981,thesis_ablation_best_unet,baseline,runs\ablation_final_128\standard_unet3d_no_partialconv\train\best_model.pt,1340
psnr_all,19,27.67581548188862,26.12827491760254,25.029412269592285,30.71686363220215,5.687451362609863,3.962748463914708,25.765831860885747,29.585799102891492,thesis_ablation_best_unet,baseline,runs\ablation_final_128\standard_unet3d_no_partialconv\train\best_model.pt,1340
psnr_known,19,119.999805651213,119.99980926513672,119.999755859375,119.9998664855957,0.000110626220703125,9.441727811891626e-05,119.99976014354165,119.99985115888434,thesis_ablation_best_unet,baseline,runs\ablation_final_128\standard_unet3d_no_partialconv\train\best_model.pt,1340
psnr_missing,19,26.316882284064043,24.846477508544922,23.671751976013184,29.410377502441406,5.738625526428223,3.9816143149339305,24.39780561393854,28.235958954189545,thesis_ablation_best_unet,baseline,runs\ablation_final_128\standard_unet3d_no_partialconv\train\best_model.pt,1340
rmse_all,19,0.045063121195294355,0.049383990466594696,0.02911779098212719,0.05604527331888676,0.026927482336759567,0.017270897851384744,0.036738814892095045,0.053387427498493664,thesis_ablation_best_unet,baseline,runs\ablation_final_128\standard_unet3d_no_partialconv\train\best_model.pt,1340
rmse_known,19,1.0000227827109292e-06,1.0000226211559493e-06,1.0000156862588483e-06,1.0000287602451863e-06,1.3073986337985843e-11,1.0832069315918637e-11,1.0000175618206396e-06,1.0000280036012187e-06,thesis_ablation_best_unet,baseline,runs\ablation_final_128\standard_unet3d_no_partialconv\train\best_model.pt,1340
rmse_missing,19,0.05272138755964605,0.05723690986633301,0.03384580463171005,0.06552717834711075,0.031681373715400696,0.020210994676884506,0.042979999947349565,0.06246277517194254,thesis_ablation_best_unet,baseline,runs\ablation_final_128\standard_unet3d_no_partialconv\train\best_model.pt,1340
ssim_all,19,0.8661302171255413,0.8642565608024597,0.8545154929161072,0.8834906220436096,0.02897512912750244,0.017051794269972987,0.8579115153681793,0.8743489188829032,thesis_ablation_best_unet,baseline,runs\ablation_final_128\standard_unet3d_no_partialconv\train\best_model.pt,1340
ssim_known,19,0.909050210526115,0.9092795252799988,0.9076539874076843,0.9107282161712646,0.0030742287635803223,0.0022693225496524826,0.9079564320690471,0.9101439889831829,thesis_ablation_best_unet,baseline,runs\ablation_final_128\standard_unet3d_no_partialconv\train\best_model.pt,1340
ssim_missing,19,0.850245685953843,0.8492602705955505,0.8348940908908844,0.874436229467392,0.03954213857650757,0.024026445711477572,0.8386653098089228,0.8618260620987631,thesis_ablation_best_unet,baseline,runs\ablation_final_128\standard_unet3d_no_partialconv\train\best_model.pt,1340
mae_all,19,0.006801025580467754,0.007847261615097523,0.003192968899384141,0.008980372454971075,0.005787403555586934,0.0035250096610560723,0.005102025308862602,0.008500025852072907,thesis_ablation_best_unet,baseline,runs\ablation_final_128\standard_unet3d_no_partialconv\train\best_model.pt,1341
mae_known,19,1.0198062781668027e-09,1.1223690865591607e-09,6.882578118538873e-10,1.3637360685159194e-09,6.754782566620321e-10,4.440939967194906e-10,8.057598233781983e-10,1.2338527329554071e-09,thesis_ablation_best_unet,baseline,runs\ablation_final_128\standard_unet3d_no_partialconv\train\best_model.pt,1341
mae_missing,19,0.009298312784123578,0.010412173345685005,0.004329510265961289,0.012505931779742241,0.008176421513780951,0.004809153642762096,0.006980374925537454,0.011616250642709703,thesis_ablation_best_unet,baseline,runs\ablation_final_128\standard_unet3d_no_partialconv\train\best_model.pt,1341
psnr_all,19,27.640520396985504,26.29607391357422,25.19810199737549,30.783283233642578,5.58518123626709,3.425855476205849,25.98931091269435,29.29172988127666,thesis_ablation_best_unet,baseline,runs\ablation_final_128\standard_unet3d_no_partialconv\train\best_model.pt,1341
psnr_known,19,119.99980364347759,119.99980926513672,119.99973678588867,119.99987030029297,0.000133514404296875,9.50819057875456e-05,119.99975781546595,119.99984947148923,thesis_ablation_best_unet,baseline,runs\ablation_final_128\standard_unet3d_no_partialconv\train\best_model.pt,1341
psnr_missing,19,26.281167281301396,24.988361358642578,23.79754638671875,29.46077537536621,5.663228988647461,3.4278511176490047,24.62899592862406,27.93333863397873,thesis_ablation_best_unet,baseline,runs\ablation_final_128\standard_unet3d_no_partialconv\train\best_model.pt,1341
rmse_all,19,0.044335755372517986,0.04843912646174431,0.028957782313227654,0.054970670491456985,0.026012888178229332,0.015039804533259754,0.037086801626603626,0.05158470911843235,thesis_ablation_best_unet,baseline,runs\ablation_final_128\standard_unet3d_no_partialconv\train\best_model.pt,1341
rmse_known,19,1.000022920331838e-06,1.000022734842787e-06,1.0000154588851728e-06,1.0000307497648464e-06,1.5290879673557356e-11,1.0939447362241049e-11,1.0000176476869868e-06,1.000028192976689e-06,thesis_ablation_best_unet,baseline,runs\ablation_final_128\standard_unet3d_no_partialconv\train\best_model.pt,1341
rmse_missing,19,0.05184573042941721,0.05630955100059509,0.0337198730558157,0.0645856112241745,0.030865738168358803,0.017564915874681036,0.04337971197519714,0.06031174888363728,thesis_ablation_best_unet,baseline,runs\ablation_final_128\standard_unet3d_no_partialconv\train\best_model.pt,1341
ssim_all,19,0.8668000541235271,0.864459216594696,0.8549876809120178,0.8792271912097931,0.02423951029777527,0.015041343867919202,0.8595503584420563,0.8740497498049979,thesis_ablation_best_unet,baseline,runs\ablation_final_128\standard_unet3d_no_partialconv\train\best_model.pt,1341
ssim_known,19,0.9092727428988406,0.9095320701599121,0.9083267450332642,0.9109988808631897,0.002672135829925537,0.002443150182979351,0.9080951822043799,0.9104503035933014,thesis_ablation_best_unet,baseline,runs\ablation_final_128\standard_unet3d_no_partialconv\train\best_model.pt,1341
ssim_missing,19,0.8511938515462374,0.8457927107810974,0.8357903063297272,0.8699919581413269,0.03420165181159973,0.02118439252984597,0.8409833011867199,0.8614044019057548,thesis_ablation_best_unet,baseline,runs\ablation_final_128\standard_unet3d_no_partialconv\train\best_model.pt,1341
mae_all,19,0.003508866544028646,0.0028563127852976322,0.0014817825285717845,0.0048514422960579395,0.003369659767486155,0.0020629255161759004,0.0025145682727342623,0.00450316481532303,thesis_ablation_best_unet_usprobe_finetuned,baseline,runs\ultrasound_realism_compare\thesis_ablation_best_unet128_usprobe_20260531_114414\finetune\best_model.pt,1337
mae_known,19,9.988109140937763e-10,1.1129025478950894e-09,7.016958680772234e-10,1.2956060668756209e-09,5.939101987983975e-10,4.1473435888455533e-10,7.989153517713332e-10,1.1987064764162194e-09,thesis_ablation_best_unet_usprobe_finetuned,baseline,runs\ultrasound_realism_compare\thesis_ablation_best_unet128_usprobe_20260531_114414\finetune\best_model.pt,1337
mae_missing,19,0.004829185040618636,0.004027232527732849,0.0020044964039698243,0.0067704361863434315,0.004765939782373607,0.0028590529532338386,0.00345116562758176,0.006207204453655512,thesis_ablation_best_unet_usprobe_finetuned,baseline,runs\ultrasound_realism_compare\thesis_ablation_best_unet128_usprobe_20260531_114414\finetune\best_model.pt,1337
psnr_all,19,32.052106957686576,32.303375244140625,29.278178215026855,35.38457679748535,6.106398582458496,3.589405194582941,30.322069032437227,33.782144882935924,thesis_ablation_best_unet_usprobe_finetuned,baseline,runs\ultrasound_realism_compare\thesis_ablation_best_unet128_usprobe_20260531_114414\finetune\best_model.pt,1337
psnr_known,19,119.99981287906044,119.99980926513672,119.999755859375,119.99986267089844,0.0001068115234375,8.34739451908394e-05,119.99977264590673,119.99985311221415,thesis_ablation_best_unet_usprobe_finetuned,baseline,runs\ultrasound_realism_compare\thesis_ablation_best_unet128_usprobe_20260531_114414\finetune\best_model.pt,1337
psnr_missing,19,30.69234928331877,30.966785430908203,27.909719467163086,34.12318229675293,6.213462829589844,3.64687383208151,28.9346123614404,32.45008620519714,thesis_ablation_best_unet_usprobe_finetuned,baseline,runs\ultrasound_realism_compare\thesis_ablation_best_unet128_usprobe_20260531_114414\finetune\best_model.pt,1337
rmse_all,19,0.02699658887362794,0.02425668016076088,0.017027881927788258,0.034369511529803276,0.01734162960201502,0.010764199648700346,0.02180841071661407,0.03218476703064181,thesis_ablation_best_unet_usprobe_finetuned,baseline,runs\ultrasound_realism_compare\thesis_ablation_best_unet128_usprobe_20260531_114414\finetune\best_model.pt,1337
rmse_known,19,1.0000219450184408e-06,1.0000225074691116e-06,1.0000160841627803e-06,1.0000292149925372e-06,1.3130829756846651e-11,9.632754158382773e-12,1.0000173021795539e-06,1.0000265878573277e-06,thesis_ablation_best_unet_usprobe_finetuned,baseline,runs\ultrasound_realism_compare\thesis_ablation_best_unet128_usprobe_20260531_114414\finetune\best_model.pt,1337
rmse_missing,19,0.03164000892521519,0.028291815891861916,0.019683106802403927,0.040230102837085724,0.020546996034681797,0.01273666419475684,0.025501133288842497,0.037778884561587886,thesis_ablation_best_unet_usprobe_finetuned,baseline,runs\ultrasound_realism_compare\thesis_ablation_best_unet128_usprobe_20260531_114414\finetune\best_model.pt,1337
ssim_all,19,0.8799589966472826,0.8831206560134888,0.8689572215080261,0.891745001077652,0.022787779569625854,0.012894839759365985,0.8737438828291536,0.8861741104654116,thesis_ablation_best_unet_usprobe_finetuned,baseline,runs\ultrasound_realism_compare\thesis_ablation_best_unet128_usprobe_20260531_114414\finetune\best_model.pt,1337
ssim_known,19,0.9124108396078411,0.9132349491119385,0.9109062254428864,0.914309948682785,0.0034037232398986816,0.0032453413935140166,0.910846635126376,0.9139750440893062,thesis_ablation_best_unet_usprobe_finetuned,baseline,runs\ultrasound_realism_compare\thesis_ablation_best_unet128_usprobe_20260531_114414\finetune\best_model.pt,1337
ssim_missing,19,0.8677817206633719,0.871343195438385,0.8512176275253296,0.8857388198375702,0.0345211923122406,0.01870838760668347,0.8587645664761896,0.8767988748505542,thesis_ablation_best_unet_usprobe_finetuned,baseline,runs\ultrasound_realism_compare\thesis_ablation_best_unet128_usprobe_20260531_114414\finetune\best_model.pt,1337
mae_all,19,0.003604436137002746,0.0034463820047676563,0.0014661645982414484,0.005508933216333389,0.004042768618091941,0.002075338503251212,0.0026041549974497634,0.004604717276555728,thesis_ablation_best_unet_usprobe_finetuned,baseline,runs\ultrasound_realism_compare\thesis_ablation_best_unet128_usprobe_20260531_114414\finetune\best_model.pt,1338
mae_known,19,1.0200543195203411e-09,1.2210519262367825e-09,6.485600667627267e-10,1.3108123475547018e-09,6.622522807919751e-10,4.521491428828274e-10,8.021254085584881e-10,1.2379832304821942e-09,thesis_ablation_best_unet_usprobe_finetuned,baseline,runs\ultrasound_realism_compare\thesis_ablation_best_unet128_usprobe_20260531_114414\finetune\best_model.pt,1338
mae_missing,19,0.004924830597653789,0.004640392027795315,0.001993327692616731,0.007439532317221165,0.005446204624604434,0.0028301703920166404,0.003560732133513822,0.006288929061793756,thesis_ablation_best_unet_usprobe_finetuned,baseline,runs\ultrasound_realism_compare\thesis_ablation_best_unet128_usprobe_20260531_114414\finetune\best_model.pt,1338
psnr_all,19,31.900748102288496,31.540983200073242,28.72736644744873,35.450416564941406,6.723050117492676,3.644371991372573,30.144217029032603,33.65727917554439,thesis_ablation_best_unet_usprobe_finetuned,baseline,runs\ultrasound_realism_compare\thesis_ablation_best_unet128_usprobe_20260531_114414\finetune\best_model.pt,1338
psnr_known,19,119.9998076589484,119.9997787475586,119.9997444152832,119.99987411499023,0.00012969970703125,9.370254059859557e-05,119.9997624957695,119.9998528221273,thesis_ablation_best_unet_usprobe_finetuned,baseline,runs\ultrasound_realism_compare\thesis_ablation_best_unet128_usprobe_20260531_114414\finetune\best_model.pt,1338
psnr_missing,19,30.53731265820955,30.249069213867188,27.422539710998535,34.13702392578125,6.714484214782715,3.628381118764126,28.788488938838416,32.28613637758068,thesis_ablation_best_unet_usprobe_finetuned,baseline,runs\ultrasound_realism_compare\thesis_ablation_best_unet128_usprobe_20260531_114414\finetune\best_model.pt,1338
rmse_all,19,0.027508693894273357,0.026482010260224342,0.01688458491116762,0.036612946540117264,0.019728361628949642,0.010770560081664785,0.022317450106701508,0.032699937681845204,thesis_ablation_best_unet_usprobe_finetuned,baseline,runs\ultrasound_realism_compare\thesis_ablation_best_unet128_usprobe_20260531_114414\finetune\best_model.pt,1338
rmse_known,19,1.0000226630405738e-06,1.0000259180742432e-06,1.0000147199207277e-06,1.000030465547752e-06,1.574562702444382e-11,1.0851335080876087e-11,1.000017432864483e-06,1.0000278932166647e-06,thesis_ablation_best_unet_usprobe_finetuned,baseline,runs\ultrasound_realism_compare\thesis_ablation_best_unet128_usprobe_20260531_114414\finetune\best_model.pt,1338
rmse_missing,19,0.03216668149750484,0.030728869140148163,0.019640453159809113,0.04254760406911373,0.02290715090930462,0.012576570673553939,0.02610496846837574,0.03822839452663394,thesis_ablation_best_unet_usprobe_finetuned,baseline,runs\ultrasound_realism_compare\thesis_ablation_best_unet128_usprobe_20260531_114414\finetune\best_model.pt,1338
ssim_all,19,0.8790108843853599,0.8796219229698181,0.8667770624160767,0.8909469544887543,0.024169892072677612,0.013471994645243245,0.872517590816776,0.8855041779539438,thesis_ablation_best_unet_usprobe_finetuned,baseline,runs\ultrasound_realism_compare\thesis_ablation_best_unet128_usprobe_20260531_114414\finetune\best_model.pt,1338
ssim_known,19,0.9124261956465872,0.9138776659965515,0.9100212454795837,0.9148366451263428,0.004815399646759033,0.0031762572589915665,0.9108952886521089,0.9139571026410656,thesis_ablation_best_unet_usprobe_finetuned,baseline,runs\ultrasound_realism_compare\thesis_ablation_best_unet128_usprobe_20260531_114414\finetune\best_model.pt,1338
ssim_missing,19,0.8667814480630975,0.8671475648880005,0.8492324948310852,0.8848278820514679,0.03559538722038269,0.019167916075428223,0.8575428082437386,0.8760200878824564,thesis_ablation_best_unet_usprobe_finetuned,baseline,runs\ultrasound_realism_compare\thesis_ablation_best_unet128_usprobe_20260531_114414\finetune\best_model.pt,1338
mae_all,19,0.0034563261494775744,0.003071683691814542,0.001482229446992278,0.005372582469135523,0.0038903530221432447,0.0021404435218802336,0.0024246653954073296,0.004487986903547819,thesis_ablation_best_unet_usprobe_finetuned,baseline,runs\ultrasound_realism_compare\thesis_ablation_best_unet128_usprobe_20260531_114414\finetune\best_model.pt,1339
mae_known,19,1.0213101461034163e-09,1.1775996844320957e-09,6.851455236489556e-10,1.2760227319219553e-09,5.908772082729996e-10,4.430940291186032e-10,8.077456602706063e-10,1.2348746319362264e-09,thesis_ablation_best_unet_usprobe_finetuned,baseline,runs\ultrasound_realism_compare\thesis_ablation_best_unet128_usprobe_20260531_114414\finetune\best_model.pt,1339
mae_missing,19,0.004732262324786892,0.0041813114657998085,0.0019853916601277888,0.007219427032396197,0.0052340353722684085,0.00291762736669604,0.0033260109481668076,0.006138513701406976,thesis_ablation_best_unet_usprobe_finetuned,baseline,runs\ultrasound_realism_compare\thesis_ablation_best_unet128_usprobe_20260531_114414\finetune\best_model.pt,1339
psnr_all,19,32.398299970124896,31.95318031311035,29.399343490600586,35.43690490722656,6.037561416625977,3.920702763938947,30.508581727815265,34.28801821243452,thesis_ablation_best_unet_usprobe_finetuned,baseline,runs\ultrasound_realism_compare\thesis_ablation_best_unet128_usprobe_20260531_114414\finetune\best_model.pt,1339
psnr_known,19,119.999805651213,119.99978637695312,119.99974822998047,119.99987411499023,0.000125885009765625,9.526967174482463e-05,119.99975973270107,119.99985156972492,thesis_ablation_best_unet_usprobe_finetuned,baseline,runs\ultrasound_realism_compare\thesis_ablation_best_unet128_usprobe_20260531_114414\finetune\best_model.pt,1339
psnr_missing,19,31.040224978798314,30.613821029663086,28.116644859313965,34.17841720581055,6.061772346496582,3.9411257334008374,29.140663180300432,32.93978677729619,thesis_ablation_best_unet_usprobe_finetuned,baseline,runs\ultrasound_realism_compare\thesis_ablation_best_unet128_usprobe_20260531_114414\finetune\best_model.pt,1339
rmse_all,19,0.026264598053929052,0.02525462955236435,0.01691465452313423,0.03389868140220642,0.01698402687907219,0.011003568940420243,0.020961047591375404,0.0315681485164827,thesis_ablation_best_unet_usprobe_finetuned,baseline,runs\ultrasound_realism_compare\thesis_ablation_best_unet128_usprobe_20260531_114414\finetune\best_model.pt,1339
rmse_known,19,1.0000228604966604e-06,1.0000248948927037e-06,1.0000152883549163e-06,1.0000294423662126e-06,1.4154011296341196e-11,1.092793400139929e-11,1.0000175934010715e-06,1.0000281275922493e-06,thesis_ablation_best_unet_usprobe_finetuned,baseline,runs\ultrasound_realism_compare\thesis_ablation_best_unet128_usprobe_20260531_114414\finetune\best_model.pt,1339
rmse_missing,19,0.03073136390824067,0.029465176165103912,0.019551957026124,0.03928999975323677,0.01973804272711277,0.012882038096225434,0.024522420294237117,0.036940307522244226,thesis_ablation_best_unet_usprobe_finetuned,baseline,runs\ultrasound_realism_compare\thesis_ablation_best_unet128_usprobe_20260531_114414\finetune\best_model.pt,1339
ssim_all,19,0.8802415383489508,0.88175368309021,0.8688285052776337,0.8917845189571381,0.022956013679504395,0.013694244105923237,0.873641123969258,0.8868419527286436,thesis_ablation_best_unet_usprobe_finetuned,baseline,runs\ultrasound_realism_compare\thesis_ablation_best_unet128_usprobe_20260531_114414\finetune\best_model.pt,1339
ssim_known,19,0.9125138427081861,0.9128077030181885,0.9105101525783539,0.9150948226451874,0.004584670066833496,0.003305858187650446,0.9109204700656205,0.9141072153507518,thesis_ablation_best_unet_usprobe_finetuned,baseline,runs\ultrasound_realism_compare\thesis_ablation_best_unet128_usprobe_20260531_114414\finetune\best_model.pt,1339
ssim_missing,19,0.8683396828802008,0.8710979223251343,0.8525158166885376,0.8858517408370972,0.03333592414855957,0.019578400971326425,0.8589031956741168,0.8777761700862848,thesis_ablation_best_unet_usprobe_finetuned,baseline,runs\ultrasound_realism_compare\thesis_ablation_best_unet128_usprobe_20260531_114414\finetune\best_model.pt,1339
mae_all,19,0.0035316237113683633,0.003385240212082863,0.0013521953951567411,0.005382869392633438,0.004030673997476697,0.00208025523577804,0.002528972782594438,0.004534274640142289,thesis_ablation_best_unet_usprobe_finetuned,baseline,runs\ultrasound_realism_compare\thesis_ablation_best_unet128_usprobe_20260531_114414\finetune\best_model.pt,1340
mae_known,19,1.0102593425563212e-09,1.1618987993955443e-09,6.946602459922957e-10,1.283879669244925e-09,5.892194232526293e-10,4.3479902707541956e-10,8.006929197302695e-10,1.2198257653823729e-09,thesis_ablation_best_unet_usprobe_finetuned,baseline,runs\ultrasound_realism_compare\thesis_ablation_best_unet128_usprobe_20260531_114414\finetune\best_model.pt,1340
mae_missing,19,0.004838450358396298,0.00473181065171957,0.0018585664220154285,0.007387069519609213,0.005528503097593784,0.002848981462567911,0.0034652852484740844,0.006211615468318512,thesis_ablation_best_unet_usprobe_finetuned,baseline,runs\ultrasound_realism_compare\thesis_ablation_best_unet128_usprobe_20260531_114414\finetune\best_model.pt,1340
psnr_all,19,32.178746675190176,31.636247634887695,28.975308418273926,35.788774490356445,6.8134660720825195,4.0064586411772485,30.24769542312194,34.10979792725841,thesis_ablation_best_unet_usprobe_finetuned,baseline,runs\ultrasound_realism_compare\thesis_ablation_best_unet128_usprobe_20260531_114414\finetune\best_model.pt,1340
psnr_known,19,119.999805651213,119.99980926513672,119.999755859375,119.9998664855957,0.000110626220703125,9.441727811891626e-05,119.99976014354165,119.99985115888434,thesis_ablation_best_unet_usprobe_finetuned,baseline,runs\ultrasound_realism_compare\thesis_ablation_best_unet128_usprobe_20260531_114414\finetune\best_model.pt,1340
psnr_missing,19,30.819811871177272,30.181869506835938,27.655959129333496,34.406898498535156,6.75093936920166,4.027305650669093,28.878712682168576,32.76091106018597,thesis_ablation_best_unet_usprobe_finetuned,baseline,runs\ultrasound_realism_compare\thesis_ablation_best_unet128_usprobe_20260531_114414\finetune\best_model.pt,1340
rmse_all,19,0.026993792553089167,0.026193145662546158,0.016243926249444485,0.03558902256190777,0.019345096312463284,0.011157495882877703,0.02161605167910719,0.03237153342707114,thesis_ablation_best_unet_usprobe_finetuned,baseline,runs\ultrasound_realism_compare\thesis_ablation_best_unet128_usprobe_20260531_114414\finetune\best_model.pt,1340
rmse_known,19,1.0000227827109292e-06,1.0000226211559493e-06,1.0000156862588483e-06,1.0000287602451863e-06,1.3073986337985843e-11,1.0832069315918637e-11,1.0000175618206396e-06,1.0000280036012187e-06,thesis_ablation_best_unet_usprobe_finetuned,baseline,runs\ultrasound_realism_compare\thesis_ablation_best_unet128_usprobe_20260531_114414\finetune\best_model.pt,1340
rmse_missing,19,0.03158240628085638,0.030967531725764275,0.019044706597924232,0.041427602991461754,0.02238289639353752,0.013039288009768118,0.025297670634629326,0.03786714192708343,thesis_ablation_best_unet_usprobe_finetuned,baseline,runs\ultrasound_realism_compare\thesis_ablation_best_unet128_usprobe_20260531_114414\finetune\best_model.pt,1340
ssim_all,19,0.8798854288301969,0.8801885843276978,0.8671630322933197,0.8935251235961914,0.026362091302871704,0.013299698693429526,0.8734751792521479,0.886295678408246,thesis_ablation_best_unet_usprobe_finetuned,baseline,runs\ultrasound_realism_compare\thesis_ablation_best_unet128_usprobe_20260531_114414\finetune\best_model.pt,1340
ssim_known,19,0.9124582096150047,0.9133986830711365,0.9097886979579926,0.9153442680835724,0.005555570125579834,0.003325323123096404,0.9108554551738657,0.9140609640561437,thesis_ablation_best_unet_usprobe_finetuned,baseline,runs\ultrasound_realism_compare\thesis_ablation_best_unet128_usprobe_20260531_114414\finetune\best_model.pt,1340
ssim_missing,19,0.8678166207514311,0.8670669794082642,0.8504025340080261,0.8874446153640747,0.037042081356048584,0.019317392963346787,0.8585059353782747,0.8771273061245874,thesis_ablation_best_unet_usprobe_finetuned,baseline,runs\ultrasound_realism_compare\thesis_ablation_best_unet128_usprobe_20260531_114414\finetune\best_model.pt,1340
mae_all,19,0.003436353985881923,0.003471932141110301,0.0015879618003964424,0.005069427425041795,0.0034814656246453524,0.0018834981633488387,0.0025285369303851835,0.004344171041378663,thesis_ablation_best_unet_usprobe_finetuned,baseline,runs\ultrasound_realism_compare\thesis_ablation_best_unet128_usprobe_20260531_114414\finetune\best_model.pt,1341
mae_known,19,1.0198062781668027e-09,1.1223690865591607e-09,6.882578118538873e-10,1.3637360685159194e-09,6.754782566620321e-10,4.440939967194906e-10,8.057598233781983e-10,1.2338527329554071e-09,thesis_ablation_best_unet_usprobe_finetuned,baseline,runs\ultrasound_realism_compare\thesis_ablation_best_unet128_usprobe_20260531_114414\finetune\best_model.pt,1341
mae_missing,19,0.004701895293117942,0.0048529705964028835,0.0021531922975555062,0.0069737539160996675,0.004820561618544161,0.0025912170438438416,0.003452968656145369,0.0059508219300905135,thesis_ablation_best_unet_usprobe_finetuned,baseline,runs\ultrasound_realism_compare\thesis_ablation_best_unet128_usprobe_20260531_114414\finetune\best_model.pt,1341
psnr_all,19,32.113087603920384,31.102813720703125,29.052921295166016,35.13486099243164,6.081939697265625,3.5379419357837927,30.407854175419914,33.818321032420855,thesis_ablation_best_unet_usprobe_finetuned,baseline,runs\ultrasound_realism_compare\thesis_ablation_best_unet128_usprobe_20260531_114414\finetune\best_model.pt,1341
psnr_known,19,119.99980364347759,119.99980926513672,119.99973678588867,119.99987030029297,0.000133514404296875,9.50819057875456e-05,119.99975781546595,119.99984947148923,thesis_ablation_best_unet_usprobe_finetuned,baseline,runs\ultrasound_realism_compare\thesis_ablation_best_unet128_usprobe_20260531_114414\finetune\best_model.pt,1341
psnr_missing,19,30.753732882047956,29.888498306274414,27.761484146118164,33.81235122680664,6.050867080688477,3.53761633129127,29.04865638988935,32.45880937420657,thesis_ablation_best_unet_usprobe_finetuned,baseline,runs\ultrasound_realism_compare\thesis_ablation_best_unet128_usprobe_20260531_114414\finetune\best_model.pt,1341
rmse_all,19,0.026688185520470142,0.027852192521095276,0.01754850335419178,0.03527221083641052,0.017723707482218742,0.009916392984690488,0.021908637095265252,0.03146773394567503,thesis_ablation_best_unet_usprobe_finetuned,baseline,runs\ultrasound_realism_compare\thesis_ablation_best_unet128_usprobe_20260531_114414\finetune\best_model.pt,1341
rmse_known,19,1.000022920331838e-06,1.000022734842787e-06,1.0000154588851728e-06,1.0000307497648464e-06,1.5290879673557356e-11,1.0939447362241049e-11,1.0000176476869868e-06,1.000028192976689e-06,thesis_ablation_best_unet_usprobe_finetuned,baseline,runs\ultrasound_realism_compare\thesis_ablation_best_unet128_usprobe_20260531_114414\finetune\best_model.pt,1341
rmse_missing,19,0.031211662841470617,0.032031334936618805,0.020434338599443436,0.04092674143612385,0.020492402836680412,0.011624379650953049,0.0256088911945147,0.03681443448842653,thesis_ablation_best_unet_usprobe_finetuned,baseline,runs\ultrasound_realism_compare\thesis_ablation_best_unet128_usprobe_20260531_114414\finetune\best_model.pt,1341
ssim_all,19,0.8802416512840673,0.8805224895477295,0.8704134523868561,0.8898040056228638,0.01939055323600769,0.012155717347278355,0.8743827830651376,0.886100519502997,thesis_ablation_best_unet_usprobe_finetuned,baseline,runs\ultrasound_realism_compare\thesis_ablation_best_unet128_usprobe_20260531_114414\finetune\best_model.pt,1341
ssim_known,19,0.912440256068581,0.9133322834968567,0.9105608463287354,0.9146999418735504,0.0041390955448150635,0.0032020481530838593,0.9108969182610607,0.9139835938761014,thesis_ablation_best_unet_usprobe_finetuned,baseline,runs\ultrasound_realism_compare\thesis_ablation_best_unet128_usprobe_20260531_114414\finetune\best_model.pt,1341
ssim_missing,19,0.8684061891154239,0.8677300214767456,0.8558683395385742,0.8833479881286621,0.02747964859008789,0.017545781621857843,0.8599493930758549,0.8768629851549928,thesis_ablation_best_unet_usprobe_finetuned,baseline,runs\ultrasound_realism_compare\thesis_ablation_best_unet128_usprobe_20260531_114414\finetune\best_model.pt,1341

